"","X","labnr","bp","std","site","lat","lng","db_source"
"2466",3230,"Lv-858",8140,800,"Mannlefelsen",47.46,7.24,"XRONOS"
"2467",3231,"Ly-1016",7860,280,"Mannlefelsen",47.46,7.24,"XRONOS"
"2468",3232,"Ly-1297",8230,300,"Mannlefelsen",47.46,7.24,"XRONOS"
"6172",7878,"ETH-11120/UZ-3570",3845,60,"Alle - Noir Bois",47.4172,7.1122,"XRONOS"
"6173",7879,"UZ-951",5020,90,"Cham - St. Andreas, Strandbad",47.18,8.47,"XRONOS"
"6174",7880,"ETH-26184/UZ-4828",5050,60,"Dornach - Landskronstrasse",47.4769,7.6138,"XRONOS"
"6175",7881,"KN-121",5080,70,"Egolzwil 4",47.18,8.01,"XRONOS"
"6178",7886,"ETH-22682/UZ-4428",4110,55,"Rapperswil - Kempraten",47.2243,8.8187,"XRONOS"
"9060",11078,"ETH-11674",2960,50,"Baar ZG, Martinspark",47.1942,8.5222,"XRONOS"
"9061",11079,"ETH-11673",2980,65,"Baar ZG, Martinspark",47.1942,8.5222,"XRONOS"
"9062",11080,"ETH-11670",3030,65,"Baar ZG, Martinspark",47.1942,8.5222,"XRONOS"
"9063",11081,"ETH-11669",3085,65,"Baar ZG, Martinspark",47.1942,8.5222,"XRONOS"
"9064",11082,"ETH-11672",3235,65,"Baar ZG, Martinspark",47.1942,8.5222,"XRONOS"
"9065",11083,"ETH-23898",3265,55,"Baar, Früebergstrasse",47.1992,8.5239,"XRONOS"
"9066",11084,"ETH-23897",3300,55,"Baar, Früebergstrasse",47.1992,8.5239,"XRONOS"
"9067",11085,"ETH-23896",3330,55,"Baar, Früebergstrasse",47.1992,8.5239,"XRONOS"
"9068",11086,"Ly-1098",3190,200,"Baie d’Auvernier",46.9743,6.8822,"XRONOS"
"9069",11087,"UZ-4209/ETH-19324",3320,60,"Basel BS, Neuhausstrasse 31",47.5835,7.5959,"XRONOS"
"9070",11088,"B-3610",2960,70,"Bavois-en-Raillon",46.6865,6.5746,"XRONOS"
"9071",11089,"B-3608",3100,70,"Bavois-en-Raillon",46.6865,6.5746,"XRONOS"
"9072",11090,"B-3611",3230,60,"Bavois-en-Raillon",46.6865,6.5746,"XRONOS"
"9075",11093,"Ua-20702",2610,45,"Birch, Düdingen",46.8554,7.1872,"XRONOS"
"9076",11094,"ETH-28829",3085,50,"Birmensdorf-Rameren",47.36,8.4513,"XRONOS"
"9077",11095,"ETH-28491",3125,50,"Birmensdorf-Rameren",47.36,8.4513,"XRONOS"
"9078",11096,"ETH-33129",3170,55,"Birmensdorf-Rameren",47.36,8.4513,"XRONOS"
"9079",11097,"ETH-28490",3210,50,"Birmensdorf-Rameren",47.36,8.4513,"XRONOS"
"9080",11098,"ETH-33132",3265,55,"Birmensdorf-Rameren",47.36,8.4513,"XRONOS"
"9081",11099,"ETH-28828",3285,50,"Birmensdorf-Rameren",47.36,8.4513,"XRONOS"
"9082",11100,"ETH-33133",3285,50,"Birmensdorf-Rameren",47.36,8.4513,"XRONOS"
"9083",11101,"ETH-33131",3305,50,"Birmensdorf-Rameren",47.36,8.4513,"XRONOS"
"9084",11102,"ETH-33152",3320,50,"Birmensdorf-Rameren",47.36,8.4513,"XRONOS"
"9085",11103,"ETH-33136",3365,50,"Birmensdorf-Rameren",47.36,8.4513,"XRONOS"
"9086",11104,"ETH-33140",3415,50,"Birmensdorf-Rameren",47.36,8.4513,"XRONOS"
"9087",11105,"ETH-33137",3470,55,"Birmensdorf-Rameren",47.36,8.4513,"XRONOS"
"9088",11106,"ETH-28488",3505,50,"Birmensdorf-Rameren",47.36,8.4513,"XRONOS"
"9089",11107,"ETH-33144",3540,45,"Birmensdorf-Rameren",47.36,8.4513,"XRONOS"
"9090",11108,"ETH-14864",2585,65,"Birmensdorf-Wannenboden",47.3434,8.4558,"XRONOS"
"9091",11109,"ETH-14867",2655,70,"Birmensdorf-Wannenboden",47.3434,8.4558,"XRONOS"
"9092",11110,"ETH-14868",2775,70,"Birmensdorf-Wannenboden",47.3434,8.4558,"XRONOS"
"9099",11117,"ETH-34388",2760,50,"Boswil AG, Eibolde",47.2895,8.3233,"XRONOS"
"9100",11118,"ETH-34387",2830,55,"Boswil AG, Eibolde",47.2895,8.3233,"XRONOS"
"9101",11119,"Ua-20068",3425,45,"Bulle FR, La Prila I",46.6304,7.0466,"XRONOS"
"9102",11120,"Ua-24629",2950,40,"Bulle FR, Le Terraillet",46.6311,7.0619,"XRONOS"
"9103",11121,"Ua-20069",3550,45,"Bulle FR, Planchy d’Avau",46.6258,7.0428,"XRONOS"
"9111",11129,"ETH-14943",3060,50,"Châbles FR, Le Péchau",46.8226,6.826,"XRONOS"
"9112",11130,"ETH-11709",2960,60,"Cham-Oberwil",47.2125,8.4595,"XRONOS"
"9113",11131,"ETH-11712",3015,60,"Cham-Oberwil",47.2125,8.4595,"XRONOS"
"9114",11132,"ETH-11713",3025,60,"Cham-Oberwil",47.2125,8.4595,"XRONOS"
"9115",11133,"ETH-11710",3050,65,"Cham-Oberwil",47.2125,8.4595,"XRONOS"
"9116",11134,"ETH-11708",3060,60,"Cham-Oberwil",47.2125,8.4595,"XRONOS"
"9117",11135,"Ua-11878",3145,70,"Cham-Oberwil",47.2125,8.4595,"XRONOS"
"9118",11136,"Ua-11876",3150,70,"Cham-Oberwil",47.2125,8.4595,"XRONOS"
"9119",11137,"Ua-11877",3180,80,"Cham-Oberwil",47.2125,8.4595,"XRONOS"
"9120",11138,"Ua-11871",3295,70,"Cham-Oberwil",47.2125,8.4595,"XRONOS"
"9121",11139,"Ua-11872",3300,70,"Cham-Oberwil",47.2125,8.4595,"XRONOS"
"9122",11140,"Ua-11879",3375,60,"Cham-Oberwil",47.2125,8.4595,"XRONOS"
"9123",11141,"ETH-11706",3420,60,"Cham-Oberwil",47.2125,8.4595,"XRONOS"
"9124",11142,"Ua-11870",3440,65,"Cham-Oberwil",47.2125,8.4595,"XRONOS"
"9127",11145,"ETH-8285",2945,55,"Courgevaux FR, Le Marais 1",46.906,7.0961,"XRONOS"
"9128",11146,"ETH-8284",3305,60,"Courgevaux FR, Le Marais 1",46.906,7.0961,"XRONOS"
"9129",11147,"ETH-8283",2945,55,"Courgevaux-En Triva",46.9063,7.1082,"XRONOS"
"9131",11149,"KIA-9057",2596,35,"Dachlissen, Wandacher",47.2575,8.4437,"XRONOS"
"9132",11150,"KIA-11473",3455,45,"Dachlissen, Wandacher",47.2575,8.4437,"XRONOS"
"9134",11152,"ARC-171",2770,50,"En Chaplix",46.8943,7.0497,"XRONOS"
"9135",11153,"ARC-495",2850,50,"En Chaplix",46.8943,7.0497,"XRONOS"
"9136",11154,"UZ-2907/ETH-9363",3335,55,"Erlach-Heidenweg",47.0587,7.1173,"XRONOS"
"9137",11155,"UZ-2906/ETH-9362",3395,60,"Erlach-Heidenweg",47.0587,7.1173,"XRONOS"
"9139",11157,"UZ-2989/ETH-10238",3160,60,"Eschenbach SG, Balmenrain",47.2324,8.9342,"XRONOS"
"9143",11161,"UZ-3809",3120,60,"Fällanden-Fröschbach",47.3694,8.6445,"XRONOS"
"9144",11162,"UZ-3910",3400,60,"Fällanden-Fröschbach",47.3694,8.6445,"XRONOS"
"9145",11163,"B-6510",2580,120,"Fällanden-Fröschbach",47.3694,8.6445,"XRONOS"
"9146",11164,"B-6513",2580,70,"Fällanden-Fröschbach",47.3694,8.6445,"XRONOS"
"9147",11165,"B-6512",2710,120,"Fällanden-Fröschbach",47.3694,8.6445,"XRONOS"
"9148",11166,"B-6511",2910,70,"Fällanden-Fröschbach",47.3694,8.6445,"XRONOS"
"9149",11167,"ARC-9/R-720 C",2450,50,"Faoug VD-Derrière-le-Chaney",46.8995,7.0795,"XRONOS"
"9150",11168,"ARC-691",2590,60,"Faoug VD-Derrière-le-Chaney",46.8995,7.0795,"XRONOS"
"9151",11169,"ARC-692",2690,70,"Faoug VD-Derrière-le-Chaney",46.8995,7.0795,"XRONOS"
"9152",11170,"ARC-694",2895,100,"Faoug VD-Derrière-le-Chaney",46.8995,7.0795,"XRONOS"
"9153",11171,"ETH-14940",2870,60,"Frasses FR, En Bochat",46.8331,6.8639,"XRONOS"
"9154",11172,"ETH-28972",2550,50,"Freienbach SZ-Hurden Rosshorn",47.2219,8.8143,"XRONOS"
"9155",11173,"ETH-28971",2555,50,"Freienbach SZ-Hurden Rosshorn",47.2219,8.8143,"XRONOS"
"9156",11174,"ETH-28973",2620,50,"Freienbach SZ-Hurden Rosshorn",47.2219,8.8143,"XRONOS"
"9157",11175,"ETH-28962",2655,50,"Freienbach SZ-Hurden Rosshorn",47.2219,8.8143,"XRONOS"
"9158",11176,"ETH-26014",2880,50,"Freienbach SZ-Hurden Rosshorn",47.2219,8.8143,"XRONOS"
"9159",11177,"ETH-26015",2905,50,"Freienbach SZ-Hurden Rosshorn",47.2219,8.8143,"XRONOS"
"9160",11178,"ETH-26031",2950,55,"Freienbach SZ-Hurden Rosshorn",47.2219,8.8143,"XRONOS"
"9161",11179,"ETH-26018",3050,50,"Freienbach SZ-Hurden Rosshorn",47.2219,8.8143,"XRONOS"
"9162",11180,"ETH-26028",3050,55,"Freienbach SZ-Hurden Rosshorn",47.2219,8.8143,"XRONOS"
"9163",11181,"ETH-26027",3095,55,"Freienbach SZ-Hurden Rosshorn",47.2219,8.8143,"XRONOS"
"9164",11182,"ETH-27450",3115,50,"Freienbach SZ-Hurden Rosshorn",47.2219,8.8143,"XRONOS"
"9165",11183,"ETH-27451",3120,50,"Freienbach SZ-Hurden Rosshorn",47.2219,8.8143,"XRONOS"
"9166",11184,"ETH-26026",3125,55,"Freienbach SZ-Hurden Rosshorn",47.2219,8.8143,"XRONOS"
"9167",11185,"ETH-28976",3125,50,"Freienbach SZ-Hurden Rosshorn",47.2219,8.8143,"XRONOS"
"9168",11186,"ETH-26016",3130,50,"Freienbach SZ-Hurden Rosshorn",47.2219,8.8143,"XRONOS"
"9169",11187,"ETH-26017",3130,50,"Freienbach SZ-Hurden Rosshorn",47.2219,8.8143,"XRONOS"
"9170",11188,"ETH-27452",3130,50,"Freienbach SZ-Hurden Rosshorn",47.2219,8.8143,"XRONOS"
"9171",11189,"ETH-28967",3130,50,"Freienbach SZ-Hurden Rosshorn",47.2219,8.8143,"XRONOS"
"9172",11190,"ETH-28977",3135,50,"Freienbach SZ-Hurden Rosshorn",47.2219,8.8143,"XRONOS"
"9173",11191,"ETH-26025",3145,55,"Freienbach SZ-Hurden Rosshorn",47.2219,8.8143,"XRONOS"
"9174",11192,"ETH-27453",3155,50,"Freienbach SZ-Hurden Rosshorn",47.2219,8.8143,"XRONOS"
"9175",11193,"ETH-29048",3155,50,"Freienbach SZ-Hurden Rosshorn",47.2219,8.8143,"XRONOS"
"9176",11194,"ETH-26031.2",3155,50,"Freienbach SZ-Hurden Rosshorn",47.2219,8.8143,"XRONOS"
"9177",11195,"ETH-26019",3155,50,"Freienbach SZ-Hurden Rosshorn",47.2219,8.8143,"XRONOS"
"9178",11196,"ETH-27455",3175,50,"Freienbach SZ-Hurden Rosshorn",47.2219,8.8143,"XRONOS"
"9179",11197,"ETH-28965",3175,50,"Freienbach SZ-Hurden Rosshorn",47.2219,8.8143,"XRONOS"
"9180",11198,"ETH-28968",3180,50,"Freienbach SZ-Hurden Rosshorn",47.2219,8.8143,"XRONOS"
"9181",11199,"ETH-26029",3185,55,"Freienbach SZ-Hurden Rosshorn",47.2219,8.8143,"XRONOS"
"9182",11200,"ETH-29055",3190,55,"Freienbach SZ-Hurden Rosshorn",47.2219,8.8143,"XRONOS"
"9183",11201,"ETH-26023",3195,50,"Freienbach SZ-Hurden Rosshorn",47.2219,8.8143,"XRONOS"
"9184",11202,"ETH-26028.2",3205,50,"Freienbach SZ-Hurden Rosshorn",47.2219,8.8143,"XRONOS"
"9185",11203,"ETH-27454",3205,50,"Freienbach SZ-Hurden Rosshorn",47.2219,8.8143,"XRONOS"
"9186",11204,"ETH-26013",3210,50,"Freienbach SZ-Hurden Rosshorn",47.2219,8.8143,"XRONOS"
"9187",11205,"ETH-26030",3215,55,"Freienbach SZ-Hurden Rosshorn",47.2219,8.8143,"XRONOS"
"9188",11206,"ETH-26021",3215,50,"Freienbach SZ-Hurden Rosshorn",47.2219,8.8143,"XRONOS"
"9189",11207,"ETH-29046",3225,50,"Freienbach SZ-Hurden Rosshorn",47.2219,8.8143,"XRONOS"
"9190",11208,"ETH-29044",3230,50,"Freienbach SZ-Hurden Rosshorn",47.2219,8.8143,"XRONOS"
"9191",11209,"ETH-27459",3240,50,"Freienbach SZ-Hurden Rosshorn",47.2219,8.8143,"XRONOS"
"9192",11210,"ETH-29047",3240,50,"Freienbach SZ-Hurden Rosshorn",47.2219,8.8143,"XRONOS"
"9193",11211,"ETH-29072",3240,55,"Freienbach SZ-Hurden Rosshorn",47.2219,8.8143,"XRONOS"
"9194",11212,"ETH-29075",3245,55,"Freienbach SZ-Hurden Rosshorn",47.2219,8.8143,"XRONOS"
"9195",11213,"ETH-27456",3245,50,"Freienbach SZ-Hurden Rosshorn",47.2219,8.8143,"XRONOS"
"9196",11214,"ETH-29073",3250,55,"Freienbach SZ-Hurden Rosshorn",47.2219,8.8143,"XRONOS"
"9197",11215,"ETH-28966",3250,50,"Freienbach SZ-Hurden Rosshorn",47.2219,8.8143,"XRONOS"
"9198",11216,"ETH-29070",3255,55,"Freienbach SZ-Hurden Rosshorn",47.2219,8.8143,"XRONOS"
"9199",11217,"ETH-29077",3265,55,"Freienbach SZ-Hurden Rosshorn",47.2219,8.8143,"XRONOS"
"9200",11218,"ETH-27448",3270,50,"Freienbach SZ-Hurden Rosshorn",47.2219,8.8143,"XRONOS"
"9201",11219,"ETH-26024",3285,55,"Freienbach SZ-Hurden Rosshorn",47.2219,8.8143,"XRONOS"
"9202",11220,"ETH-27457",3285,50,"Freienbach SZ-Hurden Rosshorn",47.2219,8.8143,"XRONOS"
"9203",11221,"ETH-29069",3285,55,"Freienbach SZ-Hurden Rosshorn",47.2219,8.8143,"XRONOS"
"9204",11222,"ETH-27449",3290,50,"Freienbach SZ-Hurden Rosshorn",47.2219,8.8143,"XRONOS"
"9205",11223,"ETH-29074",3305,50,"Freienbach SZ-Hurden Rosshorn",47.2219,8.8143,"XRONOS"
"9206",11224,"ETH-29041",3305,50,"Freienbach SZ-Hurden Rosshorn",47.2219,8.8143,"XRONOS"
"9207",11225,"ETH-29050",3310,50,"Freienbach SZ-Hurden Rosshorn",47.2219,8.8143,"XRONOS"
"9208",11226,"ETH-29040",3315,50,"Freienbach SZ-Hurden Rosshorn",47.2219,8.8143,"XRONOS"
"9209",11227,"ETH-29049",3320,50,"Freienbach SZ-Hurden Rosshorn",47.2219,8.8143,"XRONOS"
"9210",11228,"ETH-27460",3335,50,"Freienbach SZ-Hurden Rosshorn",47.2219,8.8143,"XRONOS"
"9211",11229,"ETH-27447",3345,50,"Freienbach SZ-Hurden Rosshorn",47.2219,8.8143,"XRONOS"
"9212",11230,"ETH-29045",3350,50,"Freienbach SZ-Hurden Rosshorn",47.2219,8.8143,"XRONOS"
"9213",11231,"ETH-29071",3350,55,"Freienbach SZ-Hurden Rosshorn",47.2219,8.8143,"XRONOS"
"9214",11232,"ETH-29068",3355,55,"Freienbach SZ-Hurden Rosshorn",47.2219,8.8143,"XRONOS"
"9215",11233,"ETH-29037",3375,50,"Freienbach SZ-Hurden Rosshorn",47.2219,8.8143,"XRONOS"
"9216",11234,"ETH-27458",3385,50,"Freienbach SZ-Hurden Rosshorn",47.2219,8.8143,"XRONOS"
"9217",11235,"ETH-29042",3390,45,"Freienbach SZ-Hurden Rosshorn",47.2219,8.8143,"XRONOS"
"9218",11236,"ETH-28961",3395,50,"Freienbach SZ-Hurden Rosshorn",47.2219,8.8143,"XRONOS"
"9219",11237,"ETH-29043",3405,50,"Freienbach SZ-Hurden Rosshorn",47.2219,8.8143,"XRONOS"
"9220",11238,"ETH-29078",3410,55,"Freienbach SZ-Hurden Rosshorn",47.2219,8.8143,"XRONOS"
"9221",11239,"ETH-29051",3420,50,"Freienbach SZ-Hurden Rosshorn",47.2219,8.8143,"XRONOS"
"9222",11240,"ETH-28970",3430,50,"Freienbach SZ-Hurden Rosshorn",47.2219,8.8143,"XRONOS"
"9223",11241,"ETH-29076",3440,55,"Freienbach SZ-Hurden Rosshorn",47.2219,8.8143,"XRONOS"
"9224",11242,"ETH-29039",3450,50,"Freienbach SZ-Hurden Rosshorn",47.2219,8.8143,"XRONOS"
"9225",11243,"ETH-27462",3455,55,"Freienbach SZ-Hurden Rosshorn",47.2219,8.8143,"XRONOS"
"9226",11244,"ETH-27463",3455,55,"Freienbach SZ-Hurden Rosshorn",47.2219,8.8143,"XRONOS"
"9227",11245,"ETH-28969",3455,50,"Freienbach SZ-Hurden Rosshorn",47.2219,8.8143,"XRONOS"
"9228",11246,"ETH-29054",3455,50,"Freienbach SZ-Hurden Rosshorn",47.2219,8.8143,"XRONOS"
"9229",11247,"ETH-28980",3455,50,"Freienbach SZ-Hurden Rosshorn",47.2219,8.8143,"XRONOS"
"9230",11248,"ETH-29038",3465,50,"Freienbach SZ-Hurden Rosshorn",47.2219,8.8143,"XRONOS"
"9231",11249,"ETH-29036",3470,50,"Freienbach SZ-Hurden Rosshorn",47.2219,8.8143,"XRONOS"
"9232",11250,"ETH-29052",3470,50,"Freienbach SZ-Hurden Rosshorn",47.2219,8.8143,"XRONOS"
"9233",11251,"ETH-28978",3505,50,"Freienbach SZ-Hurden Rosshorn",47.2219,8.8143,"XRONOS"
"9234",11252,"ETH-29053",3535,55,"Freienbach SZ-Hurden Rosshorn",47.2219,8.8143,"XRONOS"
"9235",11253,"ETH-33681",2935,55,"Frick AG, Königsweg",47.5025,8.0262,"XRONOS"
"9236",11254,"ETH-33682",3400,60,"Frick AG, Königsweg",47.5025,8.0262,"XRONOS"
"9248",11266,"ETH-19929",3355,55,"Grundrebenstrasse",47.2491,8.4626,"XRONOS"
"9249",11267,"UZ-1251",3050,100,"Hergiswil-Renggpass",46.9769,8.2927,"XRONOS"
"9250",11268,"ETH-19320/Uz-4205",2725,65,"Herzogenbuchsee, Badwald",47.2061,7.7318,"XRONOS"
"9251",11269,"GRN-8843",3400,55,"Hochdorf-Baldegg",47.1822,8.2822,"XRONOS"
"9252",11270,"GRN-6906",3430,35,"Hochdorf-Baldegg",47.1822,8.2822,"XRONOS"
"9253",11271,"ETH-22895",3165,50,"Hofacher, Ebmatingen",47.348,8.6447,"XRONOS"
"9254",11272,"ETH-22898",3210,55,"Hofacher, Ebmatingen",47.348,8.6447,"XRONOS"
"9255",11273,"ETH-22891",3260,60,"Hofacher, Ebmatingen",47.348,8.6447,"XRONOS"
"9256",11274,"ETH-22896",3320,55,"Hofacher, Ebmatingen",47.348,8.6447,"XRONOS"
"9257",11275,"ETH-22897",3405,55,"Hofacher, Ebmatingen",47.348,8.6447,"XRONOS"
"9260",11278,"Ly-2922",2680,170,"Horn",47.4807,7.9643,"XRONOS"
"9261",11279,"ETH-34368",2860,60,"Inkwil BE/Bolken SO, Inkwilersee",47.1987,7.6639,"XRONOS"
"9262",11280,"ETH-18192/UZ-4104",2645,55,"Ipsach-Räberain",47.1095,7.2328,"XRONOS"
"9263",11281,"UZ-4457/ETH-23145",3095,60,"Jona SG, Wagen-Erlen",47.2274,8.8845,"XRONOS"
"9264",11282,"UZ-4458/ETH-23146",3130,60,"Jona SG, Wagen-Erlen",47.2274,8.8845,"XRONOS"
"9265",11283,"UZ-4720/ETH-25352",2715,50,"Jona SG, Wagen-Geretswis",47.2272,8.8896,"XRONOS"
"9266",11284,"UZ-4721/ETH-25353",2755,50,"Jona SG, Wagen-Geretswis",47.2272,8.8896,"XRONOS"
"9267",11285,"B-7114",2770,70,"Kernenried, Holzmühle",47.0554,7.542,"XRONOS"
"9268",11286,"UZ-2451/ETH-4400",3400,70,"Klausenpasshöhe",46.8673,8.8549,"XRONOS"
"9269",11287,"ETH-21892/UZ-4369",2810,55,"Köniz-Niederwangen, Stegenweg",46.9255,7.3714,"XRONOS"
"9270",11288,"ETH-21893/UZ-4370",2875,55,"Köniz-Niederwangen, Stegenweg",46.9255,7.3714,"XRONOS"
"9271",11289,"ETH-21891/UZ-4368",2900,55,"Köniz-Niederwangen, Stegenweg",46.9255,7.3714,"XRONOS"
"9272",11290,"ETH-21894/UZ-4317",2910,55,"Köniz-Niederwangen, Stegenweg",46.9255,7.3714,"XRONOS"
"9273",11291,"ETH-23982/UZ-4540",2940,55,"Köniz-Niederwangen, Stegenweg",46.9255,7.3714,"XRONOS"
"9274",11292,"ETH-21896/UZ-4373",3060,55,"Köniz-Niederwangen, Stegenweg",46.9255,7.3714,"XRONOS"
"9275",11293,"ETH-26775/UZ-4914",3020,55,"Koppigen, Usserfeld",47.1356,7.5869,"XRONOS"
"9276",11294,"ETH-25750",2645,50,"Loppburg",46.9771,8.3262,"XRONOS"
"9277",11295,"ETH-25761",2960,50,"Loppburg",46.9771,8.3262,"XRONOS"
"9278",11296,"ETH-25886",2985,55,"Loppburg",46.9771,8.3262,"XRONOS"
"9279",11297,"ETH-25763",3000,50,"Loppburg",46.9771,8.3262,"XRONOS"
"9280",11298,"ETH-25762",3010,50,"Loppburg",46.9771,8.3262,"XRONOS"
"9281",11299,"Ua-12535",2730,60,"Lully FR, La Faye 5.2",46.8321,6.861,"XRONOS"
"9282",11300,"Ua-12534",2750,60,"Lully FR, La Faye 5.2",46.8321,6.861,"XRONOS"
"9283",11301,"B-5445",2780,110,"Marin NE-Le Chalvaire",47.0058,7.0059,"XRONOS"
"9284",11302,"B-5443",3040,90,"Marin NE-Le Chalvaire",47.0058,7.0059,"XRONOS"
"9285",11303,"ETH-17115.2",3305,60,"Marin NE-Le Chalvaire",47.0058,7.0059,"XRONOS"
"9286",11304,"B-5446",3340,90,"Marin NE-Le Chalvaire",47.0058,7.0059,"XRONOS"
"9287",11305,"ETH-17115.1",3390,60,"Marin NE-Le Chalvaire",47.0058,7.0059,"XRONOS"
"9288",11306,"B-7791",3090,70,"Meikirch, Magazingebäude",47.0095,7.3616,"XRONOS"
"9289",11307,"B-7725",2980,30,"Meinisberg, Scheidwege",47.1669,7.3641,"XRONOS"
"9290",11308,"B-7722",3000,30,"Meinisberg, Scheidwege",47.1669,7.3641,"XRONOS"
"9291",11309,"B-7724",3000,30,"Meinisberg, Scheidwege",47.1669,7.3641,"XRONOS"
"9292",11310,"B-7723",3050,30,"Meinisberg, Scheidwege",47.1669,7.3641,"XRONOS"
"9293",11311,"B-4552",2700,90,"Moos",46.9184,7.4153,"XRONOS"
"9294",11312,"B-4553",2900,70,"Moos",46.9184,7.4153,"XRONOS"
"9295",11313,"ETH-11307",2715,50,"Münchenwiler-Im Loch 1",46.919,7.1242,"XRONOS"
"9296",11314,"ETH-11305",2735,50,"Münchenwiler-Im Loch 1",46.919,7.1242,"XRONOS"
"9297",11315,"ETH-11306",2750,50,"Münchenwiler-Im Loch 1",46.919,7.1242,"XRONOS"
"9298",11316,"ETH-9884",3000,70,"Münchenwiler-Im Loch 3",46.9176,7.1229,"XRONOS"
"9299",11317,"ETH-9883",3115,65,"Münchenwiler-Im Loch 3",46.9176,7.1229,"XRONOS"
"9300",11318,"B-7036",3130,30,"Münchringen, Mooswald",47.0437,7.529,"XRONOS"
"9301",11319,"B-4992",2760,50,"Murten-Löwenberg",46.9386,7.1411,"XRONOS"
"9302",11320,"B-4998",3140,40,"Murten-Löwenberg",46.9386,7.1411,"XRONOS"
"9303",11321,"B-4996",3240,40,"Murten-Löwenberg",46.9386,7.1411,"XRONOS"
"9304",11322,"B-4995",3320,50,"Murten-Löwenberg",46.9386,7.1411,"XRONOS"
"9305",11323,"B-4994",3380,50,"Murten-Löwenberg",46.9386,7.1411,"XRONOS"
"9306",11324,"B-4993",2650,50,"Murten-Löwenberg",46.9386,7.1411,"XRONOS"
"9307",11325,"B-4997",2940,40,"Murten-Löwenberg",46.9386,7.1411,"XRONOS"
"9308",11326,"B-4991",2960,80,"Murten-Löwenberg",46.9386,7.1411,"XRONOS"
"9316",11334,"ETH-16268",2625,50,"Onnens VD-Le Motti",46.8388,6.684,"XRONOS"
"9317",11335,"CRG-1370",3490,88,"Onnens VD-sous le Crêt-de-Chaux",46.8359,6.6962,"XRONOS"
"9318",11336,"B-8282",2770,30,"Ostermundigen, Dennikofe",46.9435,7.4909,"XRONOS"
"9319",11337,"B-8316",2820,20,"Ostermundigen, Dennikofe",46.9435,7.4909,"XRONOS"
"9320",11338,"B-8317",2880,20,"Ostermundigen, Dennikofe",46.9435,7.4909,"XRONOS"
"9321",11339,"ETH-29119/UZ-5146",3095,55,"Ostermundigen, Dennikofe",46.9435,7.4909,"XRONOS"
"9322",11340,"ETH-28345/UZ-5060",3100,50,"Ostermundigen, Dennikofe",46.9435,7.4909,"XRONOS"
"9328",11346,"ARC-963",3055,180,"Payerne VD-Neyremont",46.8184,6.9157,"XRONOS"
"9331",11349,"ETH-29914",2815,50,"Pfäffikon, Feld/Kempttalstrasse",47.3786,8.7672,"XRONOS"
"9332",11350,"B-7352",2890,70,"Pieterlen, Under-Siedebrunne 3",47.1714,7.3563,"XRONOS"
"9333",11351,"ETH-20885/UZ-4324",2970,60,"Pieterlen, Under-Siedebrunne 3",47.1714,7.3563,"XRONOS"
"9334",11352,"B-7351",2990,30,"Pieterlen, Under-Siedebrunne 3",47.1714,7.3563,"XRONOS"
"9335",11353,"B-7345",3010,30,"Pieterlen, Under-Siedebrunne 3",47.1714,7.3563,"XRONOS"
"9336",11354,"ETH-20886/UZ-4325",3175,60,"Pieterlen, Under-Siedebrunne 3",47.1714,7.3563,"XRONOS"
"9337",11355,"ETH-20368/UZ-4303",3390,65,"Pieterlen, Vorem Holz 1",47.1682,7.3526,"XRONOS"
"9344",11362,"B-4990",3130,80,"Ried-Hölle",46.9512,7.1965,"XRONOS"
"9349",11367,"UZ-1413",3045,85,"Silenen-Amsteg, Flüeli",46.7851,8.6708,"XRONOS"
"9350",11368,"UZ-1415",3105,80,"Silenen-Amsteg, Flüeli",46.7851,8.6708,"XRONOS"
"9352",11370,"ETH-36588/UZ-5649",3135,50,"Spiez-Einigen, Holleeweg 3",46.7118,7.6363,"XRONOS"
"9353",11371,"ETH-36589/UZ-5650",3185,50,"Spiez-Einigen, Holleeweg 3",46.7118,7.6363,"XRONOS"
"9354",11372,"ETH-38654/UZ-5761",3310,25,"Spiez-Einigen, Holleeweg 3",46.7118,7.6363,"XRONOS"
"9355",11373,"ETH-15181/UZ-3883",3325,55,"Spiez-Einigen, Holleeweg 3",46.7118,7.6363,"XRONOS"
"9356",11374,"ETH-38655/UZ-5762",3360,25,"Spiez-Einigen, Holleeweg 3",46.7118,7.6363,"XRONOS"
"9357",11375,"ETH-39465/UZ-5770",3390,35,"Spiez-Einigen, Holleeweg 3",46.7118,7.6363,"XRONOS"
"9358",11376,"ETH-36683",3455,55,"Spiez-Einigen, Holleeweg 3",46.7118,7.6363,"XRONOS"
"9359",11377,"ETH-15179/UZ-3881",3455,55,"Spiez-Einigen, Holleeweg 3",46.7118,7.6363,"XRONOS"
"9360",11378,"ETH-15180b/UZ-3882b",3475,55,"Spiez-Einigen, Holleeweg 3",46.7118,7.6363,"XRONOS"
"9361",11379,"ETH-36682",3525,35,"Spiez-Einigen, Holleeweg 3",46.7118,7.6363,"XRONOS"
"9362",11380,"ETH-36686",2745,35,"Spiez-Einigen, Holleeweg 3",46.7118,7.6363,"XRONOS"
"9363",11381,"B-9397",3475,55,"Spiez-Einigen, Holleeweg 3",46.7118,7.6363,"XRONOS"
"9364",11382,"ETH-32615",2950,50,"Spreitenbach AG, Willenacher IKEA",47.4213,8.3756,"XRONOS"
"9365",11383,"ETH-32614",2980,50,"Spreitenbach AG, Willenacher IKEA",47.4213,8.3756,"XRONOS"
"9366",11384,"B-7265",2740,40,"Studen, Studenwald/Waldhaus",47.1103,7.29,"XRONOS"
"9368",11386,"B-8515",3060,60,"Thunstetten, Bifang",47.2093,7.7475,"XRONOS"
"9369",11387,"B-7997",2660,20,"Thunstetten, Längmatt",47.2127,7.7574,"XRONOS"
"9384",11402,"B-2750",3250,60,"Twann-Bahnhof",47.0932,7.1565,"XRONOS"
"9412",11430,"B-4550",2610,140,"Widen, Höckleri",47.3711,8.3585,"XRONOS"
"9413",11431,"B-4549",2770,40,"Widen, Höckleri",47.3711,8.3585,"XRONOS"
"9414",11432,"B-4551",2930,40,"Widen, Höckleri",47.3711,8.3585,"XRONOS"
"9415",11433,"B-4778",2820,90,"Widen, Höckleri",47.3711,8.3585,"XRONOS"
"9416",11434,"B-4645",2860,30,"Widen, Höckleri",47.3711,8.3585,"XRONOS"
"9417",11435,"B-4779",2870,30,"Widen, Höckleri",47.3711,8.3585,"XRONOS"
"9426",11444,"Ua-11732",2755,65,"Zug, Lorzeninsel",47.1749,8.4982,"XRONOS"
"9427",11445,"Ua-11730",2820,55,"Zug, Lorzeninsel",47.1749,8.4982,"XRONOS"
"9428",11446,"Ua-11731",3065,65,"Zug, Lorzeninsel",47.1749,8.4982,"XRONOS"
"9429",11447,"ETH-36616",3430,45,"Zürich, Mozartstrasse",47.3648,8.5463,"XRONOS"
"9430",11448,"ETH-36613",3455,45,"Zürich, Mozartstrasse",47.3648,8.5463,"XRONOS"
"9431",11449,"ETH-23574",3500,45,"Zürich, Mozartstrasse",47.3648,8.5463,"XRONOS"
"9432",11450,"ETH-23567",3505,45,"Zürich, Mozartstrasse",47.3648,8.5463,"XRONOS"
"9433",11451,"ETH-23565",3525,45,"Zürich, Mozartstrasse",47.3648,8.5463,"XRONOS"
"9434",11452,"ETH-36617",3530,45,"Zürich, Mozartstrasse",47.3648,8.5463,"XRONOS"
"9491",11514,"Lv-1227",6640,80,"Gigot",47.2,6.62,"XRONOS"
"9512",11549,"Ly-3733",8680,45,"Baume de Montandon",47.3,6.83,"XRONOS"
"9857",11909,"H-227/277",5040,100,"Egolzwil 4",47.18,8.01,"XRONOS"
"10135",12187,"OxA-2238",6290,80,"Birsmatten, Basisgrotte",47.445,7.55,"XRONOS"
"10388",12441,"ETH-32725",5460,55,"ABRI ST JOSEPH",47.47,7.38,"XRONOS"
"10389",12442,"ETH-32726",5925,55,"ABRI ST JOSEPH",47.47,7.38,"XRONOS"
"10390",12443,"ETH-34390",5990,60,"ABRI ST JOSEPH",47.47,7.38,"XRONOS"
"10478",12531,"Lv-608a",4290,130,"Delley-Portalban II",46.914,6.9559,"XRONOS"
"10714",12768,"Ly-3732",9255,40,"Baume de Montandon",47.3,6.83,"XRONOS"
"10797",12851,"ETH-26184",5050,60,"Dornach - Landskronstrasse",47.4769,7.6138,"XRONOS"
"10975",13032,"Ly-2280",4810,35,"La Roche aux Pêcheurs",47.06,6.67,"XRONOS"
"10976",13033,"Ly-1926",6680,45,"La Roche aux Pêcheurs",47.06,6.67,"XRONOS"
"11047",13104,"Gif-9096",5340,70,"La Roche aux Pêcheurs",47.06,6.67,"XRONOS"
"11937",14009,"ETH-2916",5300,70,"Hünenberg-Chämleten, Strandbad",47.1754,8.425,"XRONOS"
"12552",14647,"OxA-4285",9830,110,"Moulin Bournez",47.0442,6.6328,"XRONOS"
"12734",14829,"ETH-32727",5850,55,"ABRI ST JOSEPH",47.47,7.38,"XRONOS"
"14222",16324,"CRC-354",3700,85,"Rances, Champ Vully",46.7607,6.5297,"XRONOS"
"14237",16342,"ETH-1651",4330,70,"Hünenberg-Chämleten, Strandbad",47.1754,8.425,"XRONOS"
"14514",16646,"UZ-4443",3865,60,"Affoltern, Zwillikon-Weid",47.2931,8.4308,"XRONOS"
"15028",17160,"Ly-2228",8625,40,"ABRI ST JOSEPH",47.47,7.38,"XRONOS"
"15029",17161,"ETH-38620",5965,25,"ABRI ST JOSEPH",47.47,7.38,"XRONOS"
"15588",17728,"Ly-605",5715,55,"La Roche aux Pêcheurs",47.06,6.67,"XRONOS"
"15664",17804,"Gif-9095",5040,60,"La Roche aux Pêcheurs",47.06,6.67,"XRONOS"
"16447",18595,"ETH-2914",5282,65,"Hünenberg-Chämleten, Strandbad",47.1754,8.425,"XRONOS"
"16458",18614,"ETH-3573",4260,65,"Hünenberg-Chämleten, Strandbad",47.1754,8.425,"XRONOS"
"16466",18633,"ETH-1649",3875,80,"Hünenberg-Chämleten, Strandbad",47.1754,8.425,"XRONOS"
"16473",18642,"CRC-355",3910,60,"Rances, Champ Vully",46.7607,6.5297,"XRONOS"
"16474",18643,"CRC-357",3800,70,"Rances, Champ Vully",46.7607,6.5297,"XRONOS"
"16702",18885,"UZ-4442",3820,55,"Affoltern, Zwillikon-Weid",47.2931,8.4308,"XRONOS"
"16708",18891,"UZ-3570",3845,60,"Alle, Noir Bois",47.4284,7.1262,"XRONOS"
"17217",19404,"ETH-32724",5690,55,"ABRI ST JOSEPH",47.47,7.38,"XRONOS"
"17218",19405,"ETH-34389",5860,60,"ABRI ST JOSEPH",47.47,7.38,"XRONOS"
"17518",19707,"Ly-3734",6445,40,"Baume de Montandon",47.3,6.83,"XRONOS"
"17788",19983,"Ly-604",5110,60,"La Roche aux Pêcheurs",47.06,6.67,"XRONOS"
"17789",19984,"Ly-421a",5775,55,"La Roche aux Pêcheurs",47.06,6.67,"XRONOS"
"17790",19985,"Ly-1927",7740,45,"La Roche aux Pêcheurs",47.06,6.67,"XRONOS"
"17894",20089,"UCLA-1722B",5145,70,"Zürich - Grosser Hafner",47.3629,8.543,"XRONOS"
"18415",20610,"ETH-22682",4110,55,"Rapperswil - Kempraten",47.2243,8.8187,"XRONOS"
"18677",20883,"ETH-1648",3995,70,"Hünenberg-Chämleten, Strandbad",47.1754,8.425,"XRONOS"
"18681",20889,"ETH-3572",4670,65,"Hünenberg-Chämleten, Strandbad",47.1754,8.425,"XRONOS"
"18683",20891,"ETH-2915",5890,95,"Hünenberg-Chämleten, Strandbad",47.1754,8.425,"XRONOS"
"18702",20918,"ETH-1650",4085,75,"Hünenberg-Chämleten, Strandbad",47.1754,8.425,"XRONOS"
"18831",21063,"Bln-3380",3750,80,"Rances, Champ Vully Est",46.76,6.5303,"XRONOS"
"19050",21300,"Lv-88",2680,150,"Champreveyres",47.0183,6.9706,"XRONOS"
"19336",21598,"Lv-87",2840,220,"Montbec",46.9333,6.9667,"XRONOS"
"19337",21599,"B-149",3570,160,"Mottata; site: Ramosch",46.8375,8.3889,"XRONOS"
"19338",21600,"B-148",3550,100,"Mottata; site: Ramosch",46.8375,8.3889,"XRONOS"
"19339",21601,"B-147",3320,100,"Mottata; site: Ramosch",46.8375,8.3889,"XRONOS"
"19340",21602,"B-145",3060,100,"Mottata; site: Ramosch",46.8375,8.3889,"XRONOS"
"19557",21835,"B-484",3180,130,"Sugiez; site: Aare Fluß",46.9667,7.1125,"XRONOS"
"22056",24458,"MAMS-25935",4047,29,"Hégenheim",47.5637,7.5275,"XRONOS"
"22619",25036,"Lv-n/a",2930,120,"Montbec",46.9333,6.9667,"XRONOS"
"22622",25039,"B-146",2850,130,"Mottata; site: Ramosch",46.8375,8.3889,"XRONOS"
"22851",25287,"B-486",2640,130,"Sugiez; site: Murten See",46.9567,7.1135,"XRONOS"
"23519",26070,"ETH-11120",3845,60,"Noir Bois",47.4168,7.1124,"XRONOS"
"23520",26071,"n/a-1006",3835,55,"Noir Bois",47.4168,7.1124,"XRONOS"
"28612",31374,"Ly-1015",7810,170,"Mannlefelsen",47.46,7.24,"XRONOS"
"28622",31384,"Gif-6608",5890,100,"Baume de Montandon",47.3,6.83,"XRONOS"
"28623",31385,"Gif-6966",6030,80,"Baume de Montandon",47.3,6.83,"XRONOS"
"28632",31394,"Gif-2634",5140,140,"Oberlarg, Abri du Mannlefelsen",47.45,7.2333,"XRONOS"
"28675",31437,"ETH-11831",6530,70,"La Roche aux Pêcheurs",47.06,6.67,"XRONOS"
"28676",31438,"Gif-2530",9210,120,"Rochedane",47.35,6.76,"XRONOS"
"33184",36093,"B-4717",4770,50,"Delley-Portalban",46.9125,6.962,"XRONOS"
"36067",39045,"ETH-9643",3965,80,"Aesch/Clus/Tschäpperli",47.4658,7.5651,"XRONOS"
"36068",39046,"ETH-9644",3960,75,"Aesch/Clus/Tschäpperli",47.4658,7.5651,"XRONOS"
"36069",39047,"ETH-9645",3905,75,"Aesch/Clus/Tschäpperli",47.4658,7.5651,"XRONOS"
"36070",39048,"ETH-9646",3820,75,"Aesch/Clus/Tschäpperli",47.4658,7.5651,"XRONOS"
"36071",39049,"ETH-9647",3885,80,"Aesch/Clus/Tschäpperli",47.4658,7.5651,"XRONOS"
"36072",39050,"ETH-9648",3975,80,"Aesch/Clus/Tschäpperli",47.4658,7.5651,"XRONOS"
"36075",39053,"ARC-1006",3835,55,"Alle, Noir Bois",47.4284,7.1262,"XRONOS"
"36076",39054,"B-6202",4900,80,"Alle - Noir Bois",47.4172,7.1122,"XRONOS"
"36077",39055,"B-6203",4650,160,"Alle - Noir Bois",47.4172,7.1122,"XRONOS"
"36088",39066,"B-4351",6340,80,"Arlesheim, Birseck-Ermitage",47.4954,7.6283,"XRONOS"
"36089",39067,"ETH-9649",6165,85,"Arlesheim, Birseck-Ermitage",47.4954,7.6283,"XRONOS"
"36090",39068,"ETH-9650",6350,80,"Arlesheim, Birseck-Ermitage",47.4954,7.6283,"XRONOS"
"36091",39069,"ETH-9651",4570,75,"Arlesheim, Birseck-Ermitage",47.4954,7.6283,"XRONOS"
"36092",39070,"ETH-9652",6125,80,"Arlesheim, Birseck-Ermitage",47.4954,7.6283,"XRONOS"
"36093",39071,"ETH-9653",4490,75,"Arlesheim, Birseck-Ermitage",47.4954,7.6283,"XRONOS"
"36094",39072,"ETH-9654",4480,75,"Arlesheim, Birseck-Ermitage",47.4954,7.6283,"XRONOS"
"36095",39073,"B-643",4160,120,"Auvernier, La Saunerie",46.9755,6.879,"XRONOS"
"36096",39074,"B-644",4000,150,"Auvernier, La Saunerie",46.9755,6.879,"XRONOS"
"36097",39075,"B-645",4180,120,"Auvernier, La Saunerie",46.9755,6.879,"XRONOS"
"36098",39076,"B-646",3960,120,"Auvernier, La Saunerie",46.9755,6.879,"XRONOS"
"36099",39077,"B-685",4000,120,"Auvernier, La Saunerie",46.9755,6.879,"XRONOS"
"36100",39078,"B-686",4160,100,"Auvernier, La Saunerie",46.9755,6.879,"XRONOS"
"36101",39079,"B-687",3990,100,"Auvernier, La Saunerie",46.9755,6.879,"XRONOS"
"36102",39080,"B-688",4140,140,"Auvernier, La Saunerie",46.9755,6.879,"XRONOS"
"36103",39081,"B-689",4130,100,"Auvernier, La Saunerie",46.9755,6.879,"XRONOS"
"36104",39082,"LJ-1765",4103,70,"Auvernier, La Saunerie",46.9755,6.879,"XRONOS"
"36105",39083,"LJ-1774",4129,70,"Auvernier, La Saunerie",46.9755,6.879,"XRONOS"
"36106",39084,"LJ-1806",4191,70,"Auvernier, La Saunerie",46.9755,6.879,"XRONOS"
"36107",39085,"LJ-1808",4077,70,"Auvernier, La Saunerie",46.9755,6.879,"XRONOS"
"36108",39086,"B-2557",4360,110,"Auvernier, La Saunerie",46.9755,6.879,"XRONOS"
"36109",39087,"B-2558",4390,70,"Auvernier, La Saunerie",46.9755,6.879,"XRONOS"
"36110",39088,"B-2559",5130,120,"Auvernier, La Saunerie",46.9755,6.879,"XRONOS"
"36111",39089,"B-2560",5100,80,"Auvernier, La Saunerie",46.9755,6.879,"XRONOS"
"36112",39090,"B-2561",4980,110,"Auvernier, La Saunerie",46.9755,6.879,"XRONOS"
"36113",39091,"B-3275",4500,50,"Auvernier, La Saunerie",46.9755,6.879,"XRONOS"
"36114",39092,"ETH-23894",4260,55,"Baar - Früebergstrasse",47.2048,8.5245,"XRONOS"
"36115",39093,"ETH-23895",4125,60,"Baar - Früebergstrasse",47.2048,8.5245,"XRONOS"
"36119",39097,"B-3395",3835,60,"Bavois-en Raillon",46.684,6.5659,"XRONOS"
"36120",39098,"B-3612",3560,100,"Bavois - En Raillon",46.6856,6.5654,"XRONOS"
"36121",39099,"B-3613",3630,60,"Bavois - En Raillon",46.6856,6.5654,"XRONOS"
"36122",39100,"B-3616",3560,100,"Bavois-en Raillon VD",46.6861,6.5651,"XRONOS"
"36127",39105,"B-234",5350,120,"Birsmatten, Basisgrotte",47.445,7.55,"XRONOS"
"36128",39106,"B-235",5310,240,"Birsmatten, Basisgrotte",47.445,7.55,"XRONOS"
"36129",39107,"B-236",6970,120,"Birsmatten, Basisgrotte",47.445,7.55,"XRONOS"
"36130",39108,"B-237",7670,120,"Birsmatten, Basisgrotte",47.445,7.55,"XRONOS"
"36131",39109,"B-238",7460,160,"Birsmatten, Basisgrotte",47.445,7.55,"XRONOS"
"36132",39110,"B-240",7200,600,"Birsmatten, Basisgrotte",47.445,7.55,"XRONOS"
"36133",39111,"B-241",7480,200,"Birsmatten, Basisgrotte",47.445,7.55,"XRONOS"
"36138",39116,"ETH-20508",5290,60,"Cham - Eslen",47.1778,8.4604,"XRONOS"
"36139",39117,"Ua-12919",5300,80,"Cham - Eslen",47.1778,8.4604,"XRONOS"
"36140",39118,"Ua-14882",5410,90,"Cham - Eslen",47.1778,8.4604,"XRONOS"
"36141",39119,"UZ-1833",5305,70,"Cham - Eslen",47.1778,8.4604,"XRONOS"
"36142",39120,"UZ-1834",5395,70,"Cham - Eslen",47.1778,8.4604,"XRONOS"
"36143",39121,"UZ-1835",5345,70,"Cham - Eslen",47.1778,8.4604,"XRONOS"
"36169",39147,"B-4112",5690,80,"Delley-Portalban",46.9125,6.962,"XRONOS"
"36170",39148,"B-4113",4320,50,"Delley-Portalban",46.9125,6.962,"XRONOS"
"36171",39149,"B-4114",4290,50,"Delley-Portalban",46.9125,6.962,"XRONOS"
"36172",39150,"B-4115",4340,60,"Delley-Portalban",46.9125,6.962,"XRONOS"
"36173",39151,"B-4116",3950,60,"Delley-Portalban",46.9125,6.962,"XRONOS"
"36174",39152,"B-4118",4800,40,"Delley-Portalban",46.9125,6.962,"XRONOS"
"36175",39153,"Lv-615",4400,100,"Delley-Portalban",46.9125,6.962,"XRONOS"
"36176",39154,"Lv-622",4380,100,"Delley-Portalban",46.9125,6.962,"XRONOS"
"36177",39155,"Lv-624",6850,110,"Delley-Portalban",46.9125,6.962,"XRONOS"
"36178",39156,"Lv-626",4190,100,"Delley-Portalban",46.9125,6.962,"XRONOS"
"36179",39157,"B-2726",5270,70,"Egolzwil 3",47.1841,8.0032,"XRONOS"
"36180",39158,"B-4472",5390,100,"Egolzwil 3",47.1841,8.0032,"XRONOS"
"36181",39159,"ETH-131",5420,80,"Egolzwil 3",47.1841,8.0032,"XRONOS"
"36182",39160,"VRI-28",5620,130,"Egolzwil 3",47.1841,8.0032,"XRONOS"
"36183",39161,"ETH-132",4500,400,"Egolzwil 4",47.18,8.01,"XRONOS"
"36184",39162,"KN-1021",5080,70,"Egolzwil 4",47.18,8.01,"XRONOS"
"36185",39163,"KN-21",5370,160,"Egolzwil 4",47.18,8.01,"XRONOS"
"36186",39164,"VRI-29",5360,150,"Egolzwil 4",47.18,8.01,"XRONOS"
"36187",39165,"B-2727",4850,110,"Egolzwil 5",47.1852,8.0067,"XRONOS"
"36188",39166,"B-2728",5020,100,"Egolzwil 5",47.1852,8.0067,"XRONOS"
"36189",39167,"ETH-133",4980,80,"Egolzwil 5",47.1852,8.0067,"XRONOS"
"36190",39168,"B-4774",5450,60,"Egolzwil 3",47.1841,8.0032,"XRONOS"
"36191",39169,"B-4775",5420,60,"Egolzwil 3",47.1841,8.0032,"XRONOS"
"36193",39171,"GL-18",4650,110,"Egolzwil 3",47.1841,8.0032,"XRONOS"
"36194",39172,"K-115",4700,150,"Egolzwil 3",47.1841,8.0032,"XRONOS"
"36195",39173,"K-116",5280,280,"Egolzwil 3",47.1841,8.0032,"XRONOS"
"36196",39174,"K-118",4980,140,"Egolzwil 3",47.1841,8.0032,"XRONOS"
"36197",39175,"K-119",5770,170,"Egolzwil 3",47.1841,8.0032,"XRONOS"
"36198",39176,"K-120",6500,170,"Egolzwil 3",47.1841,8.0032,"XRONOS"
"36199",39177,"K-121",4920,130,"Egolzwil 3",47.1841,8.0032,"XRONOS"
"36200",39178,"H-227/227",5122,100,"Egolzwil 4",47.18,8.01,"XRONOS"
"36201",39179,"H-228/276",5150,100,"Egolzwil 4",47.18,8.01,"XRONOS"
"36202",39180,"H-229/277",5000,100,"Egolzwil 4",47.18,8.01,"XRONOS"
"36203",39181,"UZ-2988",4020,65,"Eschenbach",47.2407,8.9221,"XRONOS"
"36205",39184,"UCLA-1823",4370,60,"Fällanden",47.3717,8.6387,"XRONOS"
"36206",39185,"UCLA-1809A",5170,70,"Feldbach",47.2395,8.7869,"XRONOS"
"36207",39186,"UCLA-1809B",4450,60,"Feldbach",47.2395,8.7869,"XRONOS"
"36208",39187,"UCLA-1691B",4500,65,"Feldmeilen-Vorderfeld",47.2759,8.621,"XRONOS"
"36209",39188,"UCLA-1691C",4450,65,"Feldmeilen-Vorderfeld",47.2759,8.621,"XRONOS"
"36210",39189,"UCLA-1691D",4250,65,"Feldmeilen-Vorderfeld",47.2759,8.621,"XRONOS"
"36211",39190,"UCLA-1691E",4450,65,"Feldmeilen-Vorderfeld",47.2759,8.621,"XRONOS"
"36212",39191,"UCLA-1691F",5415,60,"Feldmeilen-Vorderfeld",47.2759,8.621,"XRONOS"
"36213",39192,"UCLA-1691G",5200,70,"Feldmeilen-Vorderfeld",47.2759,8.621,"XRONOS"
"36214",39193,"UCLA-1691H",4940,70,"Feldmeilen-Vorderfeld",47.2759,8.621,"XRONOS"
"36215",39194,"UCLA-1766B",4320,65,"Feldmeilen-Vorderfeld",47.2759,8.621,"XRONOS"
"36216",39195,"UCLA-1766A",5100,70,"Feldmeilen-Vorderfeld",47.2759,8.621,"XRONOS"
"36217",39196,"GrN-7020",4200,40,"Freienbach",47.2053,8.7584,"XRONOS"
"36218",39197,"UCLA-1831",4140,60,"Freienbach",47.2053,8.7584,"XRONOS"
"36223",39202,"UCLA-1824",5180,70,"Greifensee-Storen",47.2833,8.6333,"XRONOS"
"36224",39203,"UCLA-1825",5100,70,"Greifensee-Storen",47.2833,8.6333,"XRONOS"
"36225",39204,"GrN-6906",3430,35,"Hochdorf-Baldegg",47.1822,8.2822,"XRONOS"
"36226",39205,"GrN-8841",4180,60,"Hochdorf-Baldegg",47.1822,8.2822,"XRONOS"
"36227",39206,"GrN-8842",3870,60,"Hochdorf-Baldegg",47.1822,8.2822,"XRONOS"
"36228",39207,"GrN-8843",3400,55,"Hochdorf-Baldegg",47.1822,8.2822,"XRONOS"
"36229",39208,"Ua-10408",3780,85,"Hof, Cham",47.2157,8.4577,"XRONOS"
"36230",39209,"Ua-10409",3720,70,"Hof, Cham",47.2157,8.4577,"XRONOS"
"36231",39210,"Ua-10410",4020,90,"Hof, Cham",47.2157,8.4577,"XRONOS"
"36232",39211,"UZ-1648",3995,70,"Hüneberg - Chämleten",47.175,8.446,"XRONOS"
"36233",39212,"UZ-1649",3875,80,"Hüneberg - Chämleten",47.175,8.446,"XRONOS"
"36234",39213,"UZ-1650",4085,75,"Hüneberg - Chämleten",47.175,8.446,"XRONOS"
"36235",39214,"UZ-1651",4330,70,"Hüneberg - Chämleten",47.175,8.446,"XRONOS"
"36236",39215,"UZ-1652",4470,40,"Hüneberg - Chämleten",47.175,8.446,"XRONOS"
"36237",39216,"UZ-2914",5282,65,"Hüneberg - Chämleten",47.175,8.446,"XRONOS"
"36238",39217,"UZ-2915",5890,95,"Hüneberg - Chämleten",47.175,8.446,"XRONOS"
"36239",39218,"UZ-2916",5300,70,"Hüneberg - Chämleten",47.175,8.446,"XRONOS"
"36240",39219,"UZ-2917",5230,80,"Hüneberg - Chämleten",47.175,8.446,"XRONOS"
"36241",39220,"UZ-3572",4670,65,"Hüneberg - Chämleten",47.175,8.446,"XRONOS"
"36242",39221,"UZ-3573",4260,65,"Hüneberg - Chämleten",47.175,8.446,"XRONOS"
"36243",39222,"B-6339",4330,40,"Hünenberg-Chämleten, Strandbad",47.1754,8.425,"XRONOS"
"36244",39223,"B-6340",4360,30,"Hünenberg-Chämleten, Strandbad",47.1754,8.425,"XRONOS"
"36245",39224,"B-6341",4440,30,"Hünenberg-Chämleten, Strandbad",47.1754,8.425,"XRONOS"
"36246",39225,"B-6342",4460,30,"Hünenberg-Chämleten, Strandbad",47.1754,8.425,"XRONOS"
"36247",39226,"B-6343",4520,40,"Hünenberg-Chämleten, Strandbad",47.1754,8.425,"XRONOS"
"36248",39227,"B-6344",4540,30,"Hünenberg-Chämleten, Strandbad",47.1754,8.425,"XRONOS"
"36249",39228,"B-6345",4540,40,"Hünenberg-Chämleten, Strandbad",47.1754,8.425,"XRONOS"
"36250",39229,"B-6346",4460,30,"Hünenberg-Chämleten, Strandbad",47.1754,8.425,"XRONOS"
"36251",39230,"B-6347",4490,30,"Hünenberg-Chämleten, Strandbad",47.1754,8.425,"XRONOS"
"36252",39231,"B-6348",4510,30,"Hünenberg-Chämleten, Strandbad",47.1754,8.425,"XRONOS"
"36253",39232,"B-6349",4450,30,"Hünenberg-Chämleten, Strandbad",47.1754,8.425,"XRONOS"
"36254",39233,"B-6350",4440,30,"Hünenberg-Chämleten, Strandbad",47.1754,8.425,"XRONOS"
"36255",39234,"B-6351",4350,30,"Hünenberg-Chämleten, Strandbad",47.1754,8.425,"XRONOS"
"36256",39235,"B-6352",4490,40,"Hünenberg-Chämleten, Strandbad",47.1754,8.425,"XRONOS"
"36257",39236,"B-6353",4440,30,"Hünenberg-Chämleten, Strandbad",47.1754,8.425,"XRONOS"
"36258",39237,"B-6354",4560,40,"Hünenberg-Chämleten, Strandbad",47.1754,8.425,"XRONOS"
"36259",39238,"B-6355",4350,40,"Hünenberg-Chämleten, Strandbad",47.1754,8.425,"XRONOS"
"36260",39239,"B-6356",4440,40,"Hünenberg-Chämleten, Strandbad",47.1754,8.425,"XRONOS"
"36261",39240,"B-6357",4400,30,"Hünenberg-Chämleten, Strandbad",47.1754,8.425,"XRONOS"
"36262",39241,"B-6383",4530,40,"Hünenberg-Chämleten, Strandbad",47.1754,8.425,"XRONOS"
"36272",39256,"UZ-4010",5380,60,"Lenzburg - Goffersberg",47.3879,8.1766,"XRONOS"
"36273",39257,"UZ-4013",5420,65,"Lenzburg - Goffersberg",47.3879,8.1766,"XRONOS"
"36274",39258,"UZ-4014",5455,60,"Lenzburg - Goffersberg",47.3879,8.1766,"XRONOS"
"36278",39262,"UCLA-1833",4180,60,"Männedorf",47.2569,8.6989,"XRONOS"
"36279",39263,"UCLA-1820",4130,60,"Maur",47.3361,8.66,"XRONOS"
"36280",39264,"UCLA",5170,70,"Meilen-Feldmeilen, Vorderfeld",47.278,8.617,"XRONOS"
"36281",39265,"UCLA-1835B",4040,70,"Meilen-Obermeilen",47.2862,8.6586,"XRONOS"
"36282",39266,"UCLA-1835C",4390,65,"Meilen-Obermeilen",47.2862,8.6586,"XRONOS"
"36283",39267,"UCLA-1835D",4480,70,"Meilen-Obermeilen",47.2862,8.6586,"XRONOS"
"36284",39268,"UCLA-1835E",5280,60,"Meilen-Obermeilen",47.2862,8.6586,"XRONOS"
"36286",39270,"Lv-625",5170,130,"Muntelier",46.9426,7.1357,"XRONOS"
"36287",39271,"ETH-12748",4735,60,"Murten - Vorder Prehl 3",46.9259,7.126,"XRONOS"
"36301",39285,"B-2050",5020,100,"Pleigne, Löwenburg",47.4351,7.315,"XRONOS"
"36302",39286,"B-2057",4940,240,"Pleigne, Löwenburg",47.4351,7.315,"XRONOS"
"36303",39287,"B-2601",5210,100,"Pleigne, Löwenburg",47.4351,7.315,"XRONOS"
"36304",39288,"B-1601",3260,100,"Pleigne, Löwenburg",47.4351,7.315,"XRONOS"
"36305",39289,"Lv-616",4170,70,"Pont de Thielle",47.0213,7.0371,"XRONOS"
"36306",39290,"Lv-620",4340,100,"Pont de Thielle",47.0213,7.0371,"XRONOS"
"36308",39292,"B-3379",3700,70,"Rances, Champ Vully",46.7607,6.5297,"XRONOS"
"36309",39293,"B-3380",3750,80,"Rances, Champ Vully",46.7607,6.5297,"XRONOS"
"36310",39294,"CRG-354",3700,85,"Rances, Champ Vully",46.7607,6.5297,"XRONOS"
"36311",39295,"CRG-355",3910,60,"Rances, Champ Vully",46.7607,6.5297,"XRONOS"
"36312",39296,"CRG-357",3800,70,"Rances, Champ Vully",46.7607,6.5297,"XRONOS"
"36313",39297,"UtC-7255",4879,40,"Risch",47.1359,8.4667,"XRONOS"
"36314",39298,"UtC-7256",4942,40,"Risch",47.1359,8.4667,"XRONOS"
"36315",39299,"UtC-7257",4888,40,"Risch",47.1359,8.4667,"XRONOS"
"36316",39300,"ETH-3695",6510,110,"Saint-Ursanne",47.3647,7.1544,"XRONOS"
"36317",39301,"ETH-4714",5965,80,"Saint-Ursanne",47.3647,7.1544,"XRONOS"
"36323",39307,"B-881",4980,120,"Schenkon",47.181,8.1337,"XRONOS"
"36324",39308,"B-882",4830,150,"Schenkon",47.181,8.1337,"XRONOS"
"36325",39309,"B-114",4390,80,"Seeberg, Burgäschisee-Süd",47.155,7.6666,"XRONOS"
"36326",39310,"B-115",4950,90,"Seeberg, Burgäschisee-Süd",47.155,7.6666,"XRONOS"
"36327",39311,"B-115/2",4950,120,"Seeberg-Burgaeschisee-Sued",47.17,7.669,"XRONOS"
"36328",39312,"B-116",4930,120,"Seeberg, Burgäschisee-Süd",47.155,7.6666,"XRONOS"
"36329",39313,"B-116/2",4750,100,"Seeberg-Burgaeschisee-Sued",47.17,7.669,"XRONOS"
"36334",39318,"B-120",4500,100,"Seeberg, Burgäschisee-Süd",47.155,7.6666,"XRONOS"
"36335",39319,"B-121",4680,100,"Seeberg, Burgäschisee-Süd",47.155,7.6666,"XRONOS"
"36336",39320,"B-122",4750,100,"Seeberg, Burgäschisee-Süd",47.155,7.6666,"XRONOS"
"36337",39321,"B-123",4530,100,"Seeberg, Burgäschisee-Süd",47.155,7.6666,"XRONOS"
"36338",39322,"B-125",4550,100,"Seeberg, Burgäschisee-Süd",47.155,7.6666,"XRONOS"
"36339",39323,"B-126",4500,110,"Seeberg, Burgäschisee-Süd",47.155,7.6666,"XRONOS"
"36340",39324,"B-244",4790,120,"Seeberg, Burgäschisee-Süd",47.155,7.6666,"XRONOS"
"36341",39325,"B-245",4630,120,"Seeberg, Burgäschisee-Süd",47.155,7.6666,"XRONOS"
"36342",39326,"LJ-1293",5060,35,"Seeberg, Burgäschisee-Süd",47.155,7.6666,"XRONOS"
"36449",39433,"ETH-17371",4015,65,"Spreitenbach",47.4251,8.3647,"XRONOS"
"36450",39434,"ETH-17372",3920,60,"Spreitenbach",47.4251,8.3647,"XRONOS"
"36451",39435,"ETH-17373",3890,60,"Spreitenbach",47.4251,8.3647,"XRONOS"
"36452",39436,"ETH-19935",4035,50,"Spreitenbach",47.4251,8.3647,"XRONOS"
"36453",39437,"ETH-19936",3955,50,"Spreitenbach",47.4251,8.3647,"XRONOS"
"36455",39439,"ARC-162",4160,65,"Steinhausen - Sennweid",47.1879,8.485,"XRONOS"
"36456",39440,"ARC-173",4300,70,"Steinhausen - Sennweid",47.1879,8.485,"XRONOS"
"36457",39441,"ARC-218",4120,100,"Steinhausen - Sennweid",47.1879,8.485,"XRONOS"
"36458",39442,"ARC-222",4180,60,"Steinhausen - Sennweid",47.1879,8.485,"XRONOS"
"36459",39443,"ARC-226",4250,60,"Steinhausen - Sennweid",47.1879,8.485,"XRONOS"
"36460",39444,"ARC-227",4300,60,"Steinhausen - Sennweid",47.1879,8.485,"XRONOS"
"36461",39445,"ARC-292",4230,50,"Steinhausen - Sennweid",47.1879,8.485,"XRONOS"
"36462",39446,"ARC-294",4270,60,"Steinhausen - Sennweid",47.1879,8.485,"XRONOS"
"36463",39447,"ARC-295",4280,70,"Steinhausen - Sennweid",47.1879,8.485,"XRONOS"
"36464",39448,"ARC-296",4210,80,"Steinhausen - Sennweid",47.1879,8.485,"XRONOS"
"36465",39449,"ARC-297",4240,80,"Steinhausen - Sennweid",47.1879,8.485,"XRONOS"
"36466",39450,"ARC-300",4260,50,"Steinhausen - Sennweid",47.1879,8.485,"XRONOS"
"36467",39451,"ARC-302",4200,50,"Steinhausen - Sennweid",47.1879,8.485,"XRONOS"
"36468",39452,"ARC-303",4610,50,"Steinhausen - Sennweid",47.1879,8.485,"XRONOS"
"36469",39453,"ARC-304",4220,50,"Steinhausen - Sennweid",47.1879,8.485,"XRONOS"
"36470",39454,"ARC-306",4140,60,"Steinhausen - Sennweid",47.1879,8.485,"XRONOS"
"36471",39455,"ARC-308",4270,50,"Steinhausen - Sennweid",47.1879,8.485,"XRONOS"
"36472",39456,"ARC-309",4380,50,"Steinhausen - Sennweid",47.1879,8.485,"XRONOS"
"36473",39457,"ARC-681",4245,50,"Steinhausen - Sennweid",47.1879,8.485,"XRONOS"
"36474",39458,"ARC-833",4415,50,"Steinhausen - Sennweid",47.1879,8.485,"XRONOS"
"36475",39459,"ARC-834",4115,50,"Steinhausen - Sennweid",47.1879,8.485,"XRONOS"
"36476",39460,"ARC-835",4360,50,"Steinhausen - Sennweid",47.1879,8.485,"XRONOS"
"36477",39461,"ARC-836",4300,50,"Steinhausen - Sennweid",47.1879,8.485,"XRONOS"
"36490",39474,"Lv-623",5280,110,"Thielle-Mottaz (Neuchatel)",47.0111,7.0294,"XRONOS"
"36493",39477,"B-2698",5200,90,"Twann",47.0942,7.157,"XRONOS"
"36494",39478,"B-2954",4570,70,"Twann",47.0942,7.157,"XRONOS"
"36495",39479,"B-2955",4660,90,"Twann",47.0942,7.157,"XRONOS"
"36496",39480,"B-2956",4650,90,"Twann",47.0942,7.157,"XRONOS"
"36497",39481,"B-2957",4790,70,"Twann",47.0942,7.157,"XRONOS"
"36498",39482,"B-2958",4790,120,"Twann",47.0942,7.157,"XRONOS"
"36499",39483,"B-2959",4870,60,"Twann",47.0942,7.157,"XRONOS"
"36500",39484,"B-2960",4880,70,"Twann",47.0942,7.157,"XRONOS"
"36501",39485,"B-2961",4960,70,"Twann",47.0942,7.157,"XRONOS"
"36502",39486,"B-2962",4990,70,"Twann",47.0942,7.157,"XRONOS"
"36503",39487,"B-2963",5120,130,"Twann",47.0942,7.157,"XRONOS"
"36504",39488,"B-2964",5090,120,"Twann",47.0942,7.157,"XRONOS"
"36505",39489,"B-2965",4950,50,"Twann",47.0942,7.157,"XRONOS"
"36506",39490,"B-3228",4530,60,"Twann",47.0942,7.157,"XRONOS"
"36507",39491,"B-3229",4500,80,"Twann",47.0942,7.157,"XRONOS"
"36508",39492,"B-3230",4600,80,"Twann",47.0942,7.157,"XRONOS"
"36509",39493,"B-3231",4490,90,"Twann",47.0942,7.157,"XRONOS"
"36510",39494,"B-3232",4770,70,"Twann",47.0942,7.157,"XRONOS"
"36511",39495,"B-3233",4720,90,"Twann",47.0942,7.157,"XRONOS"
"36512",39496,"UCLA-1847",4380,60,"Uetikon",47.2644,8.6792,"XRONOS"
"36513",39497,"B-659",5180,120,"Vallon des Vaux",46.738,6.8589,"XRONOS"
"36514",39498,"B-659A",5150,120,"Vallon des Vaux",46.738,6.8589,"XRONOS"
"36515",39499,"B-659B",5120,120,"Vallon des Vaux",46.738,6.8589,"XRONOS"
"36516",39500,"GrN-5601",4930,40,"Vallon des Vaux",46.738,6.8589,"XRONOS"
"36518",39502,"B-778",4170,250,"Vinelz",47.0326,7.1193,"XRONOS"
"36519",39503,"B-779",4460,120,"Vinelz",47.0326,7.1193,"XRONOS"
"36520",39504,"ETH-18999",3800,65,"Wädenswil",47.2268,8.6687,"XRONOS"
"36521",39505,"ETH-19000",3765,65,"Wädenswil",47.2268,8.6687,"XRONOS"
"36522",39506,"ETH-19001",3775,65,"Wädenswil",47.2268,8.6687,"XRONOS"
"36523",39507,"ETH-19002",3850,60,"Wädenswil",47.2268,8.6687,"XRONOS"
"36524",39508,"ETH-19003",4060,65,"Wädenswil",47.2268,8.6687,"XRONOS"
"36525",39509,"ETH-19471",3860,60,"Wädenswil",47.2268,8.6687,"XRONOS"
"36526",39510,"ETH-19472",3845,60,"Wädenswil",47.2268,8.6687,"XRONOS"
"36527",39511,"B-726",7080,130,"Wauwilermoos",47.1846,8.021,"XRONOS"
"36528",39512,"B-728",6980,90,"Wauwilermoos",47.1846,8.021,"XRONOS"
"36529",39513,"B-2197",4060,100,"Yverdon",46.7667,6.6333,"XRONOS"
"36530",39514,"B-2198",4000,100,"Yverdon",46.7667,6.6333,"XRONOS"
"36531",39515,"B-2199",4210,100,"Yverdon",46.7667,6.6333,"XRONOS"
"36532",39516,"B-2200",3900,100,"Yverdon",46.7667,6.6333,"XRONOS"
"36533",39517,"B-2201",4080,100,"Yverdon",46.7667,6.6333,"XRONOS"
"36534",39518,"B-2202",3900,100,"Yverdon",46.7667,6.6333,"XRONOS"
"36535",39519,"B-2203",4010,100,"Yverdon",46.7667,6.6333,"XRONOS"
"36536",39520,"B-2204",4080,100,"Yverdon",46.7667,6.6333,"XRONOS"
"36537",39521,"B-2205",4030,100,"Yverdon",46.7667,6.6333,"XRONOS"
"36538",39522,"B-2206",4300,110,"Yverdon",46.7667,6.6333,"XRONOS"
"36539",39523,"B-2207",4100,120,"Yverdon",46.7667,6.6333,"XRONOS"
"36540",39524,"B-2208",4170,100,"Yverdon",46.7667,6.6333,"XRONOS"
"36541",39525,"B-2209",4160,110,"Yverdon",46.7667,6.6333,"XRONOS"
"36542",39526,"B-2210",4140,100,"Yverdon",46.7667,6.6333,"XRONOS"
"36543",39527,"B-2211",4320,110,"Yverdon",46.7667,6.6333,"XRONOS"
"36544",39528,"B-2212",4090,90,"Yverdon",46.7667,6.6333,"XRONOS"
"36545",39529,"B-2213",3970,100,"Yverdon",46.7667,6.6333,"XRONOS"
"36546",39530,"B-2214",4260,100,"Yverdon",46.7667,6.6333,"XRONOS"
"36547",39531,"B-2215",4300,100,"Yverdon",46.7667,6.6333,"XRONOS"
"36548",39532,"B-2216",4230,110,"Yverdon",46.7667,6.6333,"XRONOS"
"36549",39533,"B-2217",4200,110,"Yverdon",46.7667,6.6333,"XRONOS"
"36554",39538,"CRG-713",4425,71,"Zug - Schützenmatt",47.1723,8.5103,"XRONOS"
"36555",39539,"CRG-719",4863,73,"Zug - Schützenmatt",47.1723,8.5103,"XRONOS"
"36556",39540,"CRG-727",4325,69,"Zug - Schützenmatt",47.1723,8.5103,"XRONOS"
"36557",39541,"CRG-728",4256,65,"Zug - Schützenmatt",47.1723,8.5103,"XRONOS"
"36558",39542,"CRG-729",4164,74,"Zug - Schützenmatt",47.1723,8.5103,"XRONOS"
"36559",39543,"B-2929A",4180,60,"Zürich - AKAD/Pressehaus",47.364,8.548,"XRONOS"
"36560",39544,"GrN-7803",4170,50,"Zürich - AKAD/Pressehaus",47.364,8.548,"XRONOS"
"36561",39545,"B-4431",5200,40,"Zürich, Kleine Hafner",47.3661,8.5442,"XRONOS"
"36562",39546,"B-4432",5090,40,"Zürich, Kleine Hafner",47.3661,8.5442,"XRONOS"
"36563",39547,"B-4433",5150,40,"Zürich, Kleine Hafner",47.3661,8.5442,"XRONOS"
"36564",39548,"B-4434",5090,40,"Zürich, Kleine Hafner",47.3661,8.5442,"XRONOS"
"36565",39549,"B-4435",5320,60,"Zürich, Kleine Hafner",47.3661,8.5442,"XRONOS"
"36566",39550,"B-4436",5310,40,"Zürich, Kleine Hafner",47.3661,8.5442,"XRONOS"
"36567",39551,"B-4437",5310,40,"Zürich, Kleine Hafner",47.3661,8.5442,"XRONOS"
"36568",39552,"B-4438",5370,40,"Zürich, Kleine Hafner",47.3661,8.5442,"XRONOS"
"36569",39553,"B-4439",5240,40,"Zürich, Kleine Hafner",47.3661,8.5442,"XRONOS"
"36570",39554,"B-4440",5490,50,"Zürich, Kleine Hafner",47.3661,8.5442,"XRONOS"
"36571",39555,"B-4441",5130,80,"Zürich, Kleine Hafner",47.3661,8.5442,"XRONOS"
"36572",39556,"B-4442",5550,70,"Zürich, Kleine Hafner",47.3661,8.5442,"XRONOS"
"36573",39557,"B-4526",5070,40,"Zürich, Kleine Hafner",47.3661,8.5442,"XRONOS"
"36574",39558,"B-4527",5480,60,"Zürich, Kleine Hafner",47.3661,8.5442,"XRONOS"
"36575",39559,"B-4528",5480,60,"Zürich, Kleine Hafner",47.3661,8.5442,"XRONOS"
"36576",39560,"ETH-X1",7460,80,"Zürich - Mozartstrasse (Off-Site)",47.3686,8.5389,"XRONOS"
"36577",39561,"ETH-X2",7070,80,"Zürich - Mozartstrasse (Off-Site)",47.3686,8.5389,"XRONOS"
"36578",39562,"ETH-X3",6570,80,"Zürich - Mozartstrasse (Off-Site)",47.3686,8.5389,"XRONOS"
"36579",39563,"ETH-X4",6240,80,"Zürich - Mozartstrasse (Off-Site)",47.3686,8.5389,"XRONOS"
"36580",39564,"ETH-X5",5865,80,"Zürich - Mozartstrasse (Off-Site)",47.3686,8.5389,"XRONOS"
"36581",39565,"GrN-6904",4185,45,"Zürich, Utoquai",47.3653,8.5456,"XRONOS"
"36582",39566,"UCLA-1765A",4930,70,"Zürich-Bauschanze",47.3678,8.5424,"XRONOS"
"36583",39567,"UCLA-1765B",5040,60,"Zürich-Bauschanze",47.3678,8.5424,"XRONOS"
"36584",39568,"ETH-8146",3695,60,"Zürich, Dufourstrasse",47.3595,8.5517,"XRONOS"
"36585",39569,"ETH-8147",5030,60,"Zürich, Dufourstrasse",47.3595,8.5517,"XRONOS"
"36586",39570,"ETH-8152",4960,65,"Zürich, Dufourstrasse",47.3595,8.5517,"XRONOS"
"36587",39571,"UCLA-1722C",4640,70,"Zürich - Grosser Hafner",47.3629,8.543,"XRONOS"
"36588",39572,"UCLA-1772B",5145,70,"Zürich - Grosser Hafner",47.3629,8.543,"XRONOS"
"36589",39573,"UCLA-1654A",4800,100,"Zürich, Kleine Hafner",47.3661,8.5442,"XRONOS"
"36590",39574,"UCLA-1654B",4060,100,"Zürich, Kleine Hafner",47.3661,8.5442,"XRONOS"
"36591",39575,"UCLA-1764A",4690,60,"Zürich, Kleine Hafner",47.3661,8.5442,"XRONOS"
"36592",39576,"UCLA-1764B",4350,60,"Zürich, Kleine Hafner",47.3661,8.5442,"XRONOS"
"36593",39577,"ETH-7763",4930,60,"Zürich, Mozartstrasse",47.3648,8.5463,"XRONOS"
"36594",39578,"ETH-7764",4640,60,"Zürich, Mozartstrasse",47.3648,8.5463,"XRONOS"
"36595",39579,"ETH-10182",7885,80,"Zürich, Wallisellen-Langachermoos",47.4157,8.5952,"XRONOS"
"36596",39580,"ETH-10183",7570,75,"Zürich, Wallisellen-Langachermoos",47.4157,8.5952,"XRONOS"
"36597",39581,"ETH-10184",7540,75,"Zürich, Wallisellen-Langachermoos",47.4157,8.5952,"XRONOS"
"36598",39582,"ETH-10185",7775,70,"Zürich, Wallisellen-Langachermoos",47.4157,8.5952,"XRONOS"
"36599",39583,"ETH-10186",7560,80,"Zürich, Wallisellen-Langachermoos",47.4157,8.5952,"XRONOS"
"36600",39584,"ETH-10187",6400,65,"Zürich, Wallisellen-Langachermoos",47.4157,8.5952,"XRONOS"
"36601",39585,"ETH-10188",6270,75,"Zürich, Wallisellen-Langachermoos",47.4157,8.5952,"XRONOS"
"36602",39586,"ETH-10319",7975,75,"Zürich, Wallisellen-Langachermoos",47.4157,8.5952,"XRONOS"
"36603",39587,"ETH-10320",7600,130,"Zürich, Wallisellen-Langachermoos",47.4157,8.5952,"XRONOS"
"36604",39588,"ETH-10321",7600,75,"Zürich, Wallisellen-Langachermoos",47.4157,8.5952,"XRONOS"
"36605",39589,"ETH-10322",6495,70,"Zürich, Wallisellen-Langachermoos",47.4157,8.5952,"XRONOS"
"36606",39590,"ETH-10323",6205,65,"Zürich, Wallisellen-Langachermoos",47.4157,8.5952,"XRONOS"
"36607",39591,"ETH-10324",6045,65,"Zürich, Wallisellen-Langachermoos",47.4157,8.5952,"XRONOS"
"36608",39592,"ETH-11491",5790,75,"Zürich, Wallisellen-Langachermoos",47.4157,8.5952,"XRONOS"
"36609",39593,"ETH-11492",6060,65,"Zürich, Wallisellen-Langachermoos",47.4157,8.5952,"XRONOS"
"36610",39594,"ETH-11493",5670,65,"Zürich, Wallisellen-Langachermoos",47.4157,8.5952,"XRONOS"
"36611",39595,"ETH-11494",5975,65,"Zürich, Wallisellen-Langachermoos",47.4157,8.5952,"XRONOS"
"36612",39596,"ETH-11495",6570,75,"Zürich, Wallisellen-Langachermoos",47.4157,8.5952,"XRONOS"
"36613",39597,"ETH-11496",6425,65,"Zürich, Wallisellen-Langachermoos",47.4157,8.5952,"XRONOS"
"36614",39598,"ETH-11498",5040,60,"Zürich, Wallisellen-Langachermoos",47.4157,8.5952,"XRONOS"
"36615",39599,"ETH-11499",6410,65,"Zürich, Wallisellen-Langachermoos",47.4157,8.5952,"XRONOS"
"36616",39600,"ETH-11500",6265,65,"Zürich, Wallisellen-Langachermoos",47.4157,8.5952,"XRONOS"
"36617",39601,"ETH-11501",6010,65,"Zürich, Wallisellen-Langachermoos",47.4157,8.5952,"XRONOS"
"36618",39602,"ETH-11502",6275,65,"Zürich, Wallisellen-Langachermoos",47.4157,8.5952,"XRONOS"
"36619",39603,"ETH-11503",5950,65,"Zürich, Wallisellen-Langachermoos",47.4157,8.5952,"XRONOS"
"36620",39604,"ETH-11504",6665,95,"Zürich, Wallisellen-Langachermoos",47.4157,8.5952,"XRONOS"
"36621",39605,"ETH-11505",5855,60,"Zürich, Wallisellen-Langachermoos",47.4157,8.5952,"XRONOS"
"36622",39606,"ETH-11506",6605,80,"Zürich, Wallisellen-Langachermoos",47.4157,8.5952,"XRONOS"
"36623",39607,"ETH-11507",1085,50,"Zürich, Wallisellen-Langachermoos",47.4157,8.5952,"XRONOS"
"36624",39608,"ETH-1497",5835,80,"Zürich, Wallisellen-Langachermoos",47.4157,8.5952,"XRONOS"
"36625",39609,"GrN-7021",4160,40,"Zürich, Wollishofen",47.344,8.5301,"XRONOS"
"36626",39610,"UCLA-1785",5320,60,"Zürich, Wollishofen",47.344,8.5301,"XRONOS"
"36743",39727,"Lv-608?",4290,130,"Delley-Portalban",46.9125,6.962,"XRONOS"
"37711",40719,"Lv-608",4290,130,"Delley-Portalban",46.9125,6.962,"XRONOS"
"38058",41068,"ARC-?",2626,116,"Payerne VD, route de Bussy",46.827,6.9149,"XRONOS"
"39630",42699,"LJ-???",5060,35,"43",47.1704120091817,7.67341993819581,"Laabs"
"39631",42719,"ARC-493",2485,50,"67",46.8967031585112,7.05542700649236,"Laabs"
"39632",42720,"ARC-175",2460,60,"67",46.8967031585112,7.05542700649236,"Laabs"
"39633",42722,"B-???",4090,80,"86",46.9765367831205,7.09494526969671,"Laabs"
"39634",42729,"ETH-19819",2495,55,"135",46.9223315889642,6.80929887017242,"Laabs"
"39635",42730,"ETH-13109",2880,55,"135",46.9223315889642,6.80929887017242,"Laabs"
"39636",42731,"ETH-19815",2540,55,"135",46.9223315889642,6.80929887017242,"Laabs"
"39637",42732,"ETH-20573",2935,55,"135",46.9223315889642,6.80929887017242,"Laabs"
"39638",42733,"ETH-18710",3945,65,"135",46.9223315889642,6.80929887017242,"Laabs"
"39639",42734,"ETH-21672",3755,60,"135",46.9223315889642,6.80929887017242,"Laabs"
"39640",42735,"ETH-21673",3645,60,"135",46.9223315889642,6.80929887017242,"Laabs"
"39641",42736,"ETH-19818",3570,55,"135",46.9223315889642,6.80929887017242,"Laabs"
"39642",42737,"ETH-19832",3710,60,"135",46.9223315889642,6.80929887017242,"Laabs"
"39643",42738,"ETH-19823",3655,50,"135",46.9223315889642,6.80929887017242,"Laabs"
"39644",42739,"ETH-19817",3610,55,"135",46.9223315889642,6.80929887017242,"Laabs"
"39645",42740,"ETH-20051",3765,65,"135",46.9223315889642,6.80929887017242,"Laabs"
"39646",42741,"ETH-19822",3785,55,"135",46.9223315889642,6.80929887017242,"Laabs"
"39647",42742,"ETH-20049",3750,65,"135",46.9223315889642,6.80929887017242,"Laabs"
"39648",42743,"ETH-20050",3685,65,"135",46.9223315889642,6.80929887017242,"Laabs"
"39649",42744,"ETH-20047",3745,65,"135",46.9223315889642,6.80929887017242,"Laabs"
"39650",42745,"ETH-20048",3660,65,"135",46.9223315889642,6.80929887017242,"Laabs"
"39651",42746,"ETH-21401",3665,60,"135",46.9223315889642,6.80929887017242,"Laabs"
"39652",42747,"ETH-20046",3870,65,"135",46.9223315889642,6.80929887017242,"Laabs"
"39653",42748,"ETH-19422",3955,60,"135",46.9223315889642,6.80929887017242,"Laabs"
"39654",42749,"ETH-21400",3725,60,"135",46.9223315889642,6.80929887017242,"Laabs"
"39655",42750,"ETH-19019",4365,60,"135",46.9223315889642,6.80929887017242,"Laabs"
"39656",42751,"ETH-19421",3835,60,"135",46.9223315889642,6.80929887017242,"Laabs"
"39657",42752,"ETH-19017",4055,60,"135",46.9223315889642,6.80929887017242,"Laabs"
"39658",42753,"ETH-19018",4075,55,"135",46.9223315889642,6.80929887017242,"Laabs"
"39659",42754,"ETH-19012",4020,70,"135",46.9223315889642,6.80929887017242,"Laabs"
"39660",42755,"ETH-19013",4165,70,"135",46.9223315889642,6.80929887017242,"Laabs"
"39661",42756,"ETH-18488",4005,60,"135",46.9223315889642,6.80929887017242,"Laabs"
"39662",42757,"ETH-19011",4190,60,"135",46.9223315889642,6.80929887017242,"Laabs"
"39663",42758,"ETH-18486",4255,60,"135",46.9223315889642,6.80929887017242,"Laabs"
"39664",42759,"ETH-18487",4280,60,"135",46.9223315889642,6.80929887017242,"Laabs"
"39665",42760,"ETH-21403",5350,65,"135",46.9223315889642,6.80929887017242,"Laabs"
"39666",42761,"ETH-21674",5505,65,"135",46.9223315889642,6.80929887017242,"Laabs"
"39667",42762,"ETH-21399",5125,60,"135",46.9223315889642,6.80929887017242,"Laabs"
"39668",42763,"ETH-21402",5345,65,"135",46.9223315889642,6.80929887017242,"Laabs"
"39669",42764,"ETH-21397",5245,65,"135",46.9223315889642,6.80929887017242,"Laabs"
"39670",42765,"ETH-21398",5100,60,"135",46.9223315889642,6.80929887017242,"Laabs"
"39671",42766,"ETH-21395",5300,65,"135",46.9223315889642,6.80929887017242,"Laabs"
"39672",42767,"ETH-21396",5240,65,"135",46.9223315889642,6.80929887017242,"Laabs"
"39673",42768,"ETH-21386",5385,65,"135",46.9223315889642,6.80929887017242,"Laabs"
"39674",42769,"ETH-21394",5225,65,"135",46.9223315889642,6.80929887017242,"Laabs"
"39675",42770,"ETH-21384",5015,55,"135",46.9223315889642,6.80929887017242,"Laabs"
"39676",42771,"ETH-21385",5220,55,"135",46.9223315889642,6.80929887017242,"Laabs"
"39677",42772,"ETH-21382",5130,65,"135",46.9223315889642,6.80929887017242,"Laabs"
"39678",42773,"ETH-21383",4970,65,"135",46.9223315889642,6.80929887017242,"Laabs"
"39679",42774,"ETH-21380",5230,65,"135",46.9223315889642,6.80929887017242,"Laabs"
"39680",42775,"ETH-21381",5140,60,"135",46.9223315889642,6.80929887017242,"Laabs"
"39681",42776,"ETH-20053",4980,65,"135",46.9223315889642,6.80929887017242,"Laabs"
"39682",42777,"ETH-21379",5300,65,"135",46.9223315889642,6.80929887017242,"Laabs"
"39683",42778,"ETH-20045",5245,70,"135",46.9223315889642,6.80929887017242,"Laabs"
"39684",42779,"ETH-20052",5115,65,"135",46.9223315889642,6.80929887017242,"Laabs"
"39685",42780,"ETH-19834",5505,65,"135",46.9223315889642,6.80929887017242,"Laabs"
"39686",42781,"ETH-20044",5100,70,"135",46.9223315889642,6.80929887017242,"Laabs"
"39687",42782,"ETH-19831",5560,65,"135",46.9223315889642,6.80929887017242,"Laabs"
"39688",42783,"ETH-19833",5485,65,"135",46.9223315889642,6.80929887017242,"Laabs"
"39689",42784,"ETH-19829",5275,65,"135",46.9223315889642,6.80929887017242,"Laabs"
"39690",42785,"ETH-19830",5450,65,"135",46.9223315889642,6.80929887017242,"Laabs"
"39691",42786,"ETH-19827",5285,60,"135",46.9223315889642,6.80929887017242,"Laabs"
"39692",42787,"ETH-19828",5205,50,"135",46.9223315889642,6.80929887017242,"Laabs"
"39693",42788,"ETH-19825",5270,60,"135",46.9223315889642,6.80929887017242,"Laabs"
"39694",42789,"ETH-19826",5490,60,"135",46.9223315889642,6.80929887017242,"Laabs"
"39695",42790,"ETH-19821",5335,65,"135",46.9223315889642,6.80929887017242,"Laabs"
"39696",42791,"ETH-19824",5305,60,"135",46.9223315889642,6.80929887017242,"Laabs"
"39697",42792,"ETH-19814",5225,60,"135",46.9223315889642,6.80929887017242,"Laabs"
"39698",42793,"ETH-19820",5170,65,"135",46.9223315889642,6.80929887017242,"Laabs"
"39699",42794,"ETH-19811",5265,65,"135",46.9223315889642,6.80929887017242,"Laabs"
"39700",42795,"ETH-19813",5025,65,"135",46.9223315889642,6.80929887017242,"Laabs"
"39701",42796,"ETH-19809",5450,65,"135",46.9223315889642,6.80929887017242,"Laabs"
"39702",42797,"ETH-19810",5055,65,"135",46.9223315889642,6.80929887017242,"Laabs"
"39703",42798,"ETH-19434",5425,65,"135",46.9223315889642,6.80929887017242,"Laabs"
"39704",42799,"ETH-19435",5340,60,"135",46.9223315889642,6.80929887017242,"Laabs"
"39705",42800,"ETH-19432",5275,60,"135",46.9223315889642,6.80929887017242,"Laabs"
"39706",42801,"ETH-19433",5330,60,"135",46.9223315889642,6.80929887017242,"Laabs"
"39707",42802,"ETH-19430",5445,65,"135",46.9223315889642,6.80929887017242,"Laabs"
"39708",42803,"ETH-19431",5400,60,"135",46.9223315889642,6.80929887017242,"Laabs"
"39709",42804,"ETH-19425",5140,60,"135",46.9223315889642,6.80929887017242,"Laabs"
"39710",42805,"ETH-19427",5085,60,"135",46.9223315889642,6.80929887017242,"Laabs"
"39711",42806,"ETH-19419",5615,65,"135",46.9223315889642,6.80929887017242,"Laabs"
"39712",42807,"ETH-19420",5625,65,"135",46.9223315889642,6.80929887017242,"Laabs"
"39713",42808,"ETH-19024",5300,65,"135",46.9223315889642,6.80929887017242,"Laabs"
"39714",42809,"ETH-19025",5385,70,"135",46.9223315889642,6.80929887017242,"Laabs"
"39715",42810,"ETH-19022",5630,65,"135",46.9223315889642,6.80929887017242,"Laabs"
"39716",42811,"ETH-19023",5105,65,"135",46.9223315889642,6.80929887017242,"Laabs"
"39717",42812,"ETH-19020",5070,65,"135",46.9223315889642,6.80929887017242,"Laabs"
"39718",42813,"ETH-19021",5605,70,"135",46.9223315889642,6.80929887017242,"Laabs"
"39719",42814,"ETH-19014",5360,65,"135",46.9223315889642,6.80929887017242,"Laabs"
"39720",42815,"ETH-19015",5355,65,"135",46.9223315889642,6.80929887017242,"Laabs"
"39721",42816,"ETH-18484",5355,65,"135",46.9223315889642,6.80929887017242,"Laabs"
"39722",42817,"ETH-18485",5185,65,"135",46.9223315889642,6.80929887017242,"Laabs"
"39723",42818,"ETH-18482",5105,65,"135",46.9223315889642,6.80929887017242,"Laabs"
"39724",42819,"ETH-18483",5095,65,"135",46.9223315889642,6.80929887017242,"Laabs"
"39725",42820,"ETH-18480",5010,65,"135",46.9223315889642,6.80929887017242,"Laabs"
"39726",42821,"ETH-18481",5165,65,"135",46.9223315889642,6.80929887017242,"Laabs"
"39727",42822,"ETH-18479",6285,65,"135",46.9223315889642,6.80929887017242,"Laabs"
"39728",42823,"ARC-97",2980,40,"176",46.8333598161025,6.67727876471011,"Laabs"
"39729",42824,"UA-20074",4810,50,"210",46.6190301043282,7.04434441971021,"Laabs"
"39730",42825,"UA-20068",3425,45,"211",46.6307305378469,7.0456954011112,"Laabs"
"39731",42826,"UA-20069",3550,45,"212",46.6270797048747,7.04363255735802,"Laabs"
"39732",42827,"UA-40407",2435,30,"215",46.6321893892333,7.06475294540114,"Laabs"
"39733",42828,"UA-24629",2950,40,"215",46.6321893892333,7.06475294540114,"Laabs"
"39734",42829,"UA-40408",3341,58,"215",46.6321893892333,7.06475294540114,"Laabs"
"39735",42830,"ETH-14944",4575,55,"229",46.8239136622684,6.82683554122256,"Laabs"
"39736",42832,"UA-17889",3235,70,"230",46.8177466968901,6.81773177857237,"Laabs"
"39737",42833,"UA-17891",3195,70,"230",46.8177466968901,6.81773177857237,"Laabs"
"39738",42834,"UA-17890",3275,70,"230",46.8177466968901,6.81773177857237,"Laabs"
"39739",42835,"UA-16459",5280,75,"231",46.8178780695757,6.8170749749391,"Laabs"
"39740",42836,"UA-12517",4990,75,"231",46.8178780695757,6.8170749749391,"Laabs"
"39743",42840,"B-659b",5120,120,"250",46.7770550989976,6.76555639437523,"Laabs"
"39744",42843,"Ua-24093",2750,45,"2385",46.7382689425746,7.11138686432987,"Laabs"
"39745",42844,"UA-14544",3340,65,"1020",46.6406034465237,6.87006300963222,"Laabs"
"39746",42845,"UA-14545",3195,60,"1020",46.6406034465237,6.87006300963222,"Laabs"
"39747",42846,"UA-14542",3175,55,"1020",46.6406034465237,6.87006300963222,"Laabs"
"39748",42847,"UA-14541",3200,55,"1020",46.6406034465237,6.87006300963222,"Laabs"
"39749",42848,"UA-14540",3135,55,"1020",46.6406034465237,6.87006300963222,"Laabs"
"39750",42849,"UA-14546",2985,125,"1020",46.6406034465237,6.87006300963222,"Laabs"
"39751",42850,"UA-16599",2920,70,"1020",46.6406034465237,6.87006300963222,"Laabs"
"39752",42851,"UA-16598",2910,65,"1020",46.6406034465237,6.87006300963222,"Laabs"
"39753",42852,"AA-23168",4445,50,"1169",46.8336062702244,6.87457484372258,"Laabs"
"39754",42853,"UA-39261",2648,33,"1324",46.877799749976,6.95755486708774,"Laabs"
"39755",42854,"UA-24092",2675,40,"35",46.7468517501013,7.12416097351775,"Laabs"
"39757",42856,"UA-11484",5520,75,"226",46.8275877735847,6.9045242523043,"Laabs"
"39758",42857,"UA-13913",4975,60,"226",46.8275877735847,6.9045242523043,"Laabs"
"39759",42858,"UA-19572",5465,70,"2495",46.8579459055346,7.19197049769396,"Laabs"
"39760",42859,"UA-11448",4550,65,"495",46.8251990355607,6.83167067359106,"Laabs"
"39761",42860,"UA-23351",2695,45,"502",46.8852208697013,6.88767924935237,"Laabs"
"39762",42866,"ETH-44202",3925,35,"80",47.484526454928,8.28952260363072,"Laabs"
"39764",42872,"UA-36442",4925,40,"616",46.9464378342988,7.07832334966982,"Laabs"
"39771",42879,"ETH-31458",3820,55,"956",46.8486763477166,6.69148645419239,"Laabs"
"39772",42880,"ETH-55672",3384,30,"1246",47.3956350014125,7.97175344784846,"Laabs"
"39773",42881,"ETH-55670",3316,30,"1246",47.3956350014125,7.97175344784846,"Laabs"
"39774",42882,"ETH-55671",3271,29,"1246",47.3956350014125,7.97175344784846,"Laabs"
"39775",42883,"ETH-55669",3284,30,"1246",47.3956350014125,7.97175344784846,"Laabs"
"39776",42884,"ETH-43549",3410,35,"657",46.9191162438068,7.46623723157185,"Laabs"
"39789",42898,"ETH-9881",4905,60,"862",46.9185584256292,7.12735437640287,"Laabs"
"39790",42901,"ETH-15181",3325,55,"1236",46.7132805848999,7.63723363266911,"Laabs"
"39791",42902,"ETH-15180",3475,55,"1236",46.7132805848999,7.63723363266911,"Laabs"
"39792",42903,"ETH-15179",3455,55,"1236",46.7132805848999,7.63723363266911,"Laabs"
"39793",42904,"ETH-15186",3385,55,"1291",46.738182897351,7.59687625016321,"Laabs"
"39794",42908,"ETH-11312",5325,70,"378",46.9072709590711,7.09696481942744,"Laabs"
"39795",42909,"UA-19289",2865,35,"379",46.9060016116767,7.09369118306678,"Laabs"
"39796",42910,"UA-19280",4885,80,"379",46.9060016116767,7.09369118306678,"Laabs"
"39797",42911,"ETH-11318",5240,65,"379",46.9060016116767,7.09369118306678,"Laabs"
"39798",42912,"UTC-8887",4701,45,"389",46.7714509050995,6.68928530186924,"Laabs"
"39800",42918,"UA-11472",5520,65,"506",46.8344568407755,6.86473364697942,"Laabs"
"39801",42919,"UA-14993",4735,60,"510",46.8270699970848,6.88093525400831,"Laabs"
"39803",42927,"UTC-9299",2305,43,"626",47.1645578062367,7.62820432085702,"Laabs"
"39804",42928,"UTC-9297",2855,41,"626",47.1645578062367,7.62820432085702,"Laabs"
"39805",42929,"ETH-41625",6900,45,"628",47.4765188415921,8.05222450720019,"Laabs"
"39823",42955,"ETH-17598",4980,65,"753",47.3885231598026,8.18837681398331,"Laabs"
"39824",42956,"ETH-17599",4860,60,"753",47.3885231598026,8.18837681398331,"Laabs"
"39825",42957,"ETH-51720",3662,25,"755",46.7427357132225,6.48289763536691,"Laabs"
"39826",42958,"ETH-51721",3521,25,"755",46.7427357132225,6.48289763536691,"Laabs"
"39827",42959,"ETH-51719",3818,33,"755",46.7427357132225,6.48289763536691,"Laabs"
"39828",42960,"ETH-51722",5087,26,"755",46.7427357132225,6.48289763536691,"Laabs"
"39829",42961,"UA-12535",2730,60,"769",46.8333627525919,6.86186126207292,"Laabs"
"39830",42962,"UA-12534",2750,60,"769",46.8333627525919,6.86186126207292,"Laabs"
"39831",42963,"ETH-17116",3790,60,"787",47.0084497725082,7.00819981712796,"Laabs"
"39832",42965,"B-5447",3590,90,"787",47.0084497725082,7.00819981712796,"Laabs"
"39833",42967,"B-5444",3580,90,"787",47.0084497725082,7.00819981712796,"Laabs"
"39834",42975,"ETH-8294",4690,55,"834",46.9228844590252,7.1302180557899,"Laabs"
"39835",42976,"ETH-8293",5050,60,"834",46.9228844590252,7.1302180557899,"Laabs"
"39836",42977,"ETH-8296",4915,55,"834",46.9228844590252,7.1302180557899,"Laabs"
"39837",42978,"ETH-8292",5745,65,"834",46.9228844590252,7.1302180557899,"Laabs"
"39838",42979,"ETH-8291",5700,65,"834",46.9228844590252,7.1302180557899,"Laabs"
"39839",42980,"ETH-8287",5775,60,"834",46.9228844590252,7.1302180557899,"Laabs"
"39840",42981,"ETH-12749",2710,55,"837",46.9263554252329,7.13295575669694,"Laabs"
"39841",42982,"ETH-14929",3095,45,"837",46.9263554252329,7.13295575669694,"Laabs"
"39842",42983,"ETH-12750",3350,70,"837",46.9263554252329,7.13295575669694,"Laabs"
"39843",42985,"ETH-12572",5430,70,"837",46.9263554252329,7.13295575669694,"Laabs"
"39844",42993,"B-4999",3700,40,"843",46.9415075233562,7.14758107090384,"Laabs"
"39845",42994,"ETH-36446",4395,60,"861",47.5438529497848,7.92181392817321,"Laabs"
"39846",42995,"ETH-32152",4555,60,"861",47.5438529497848,7.92181392817321,"Laabs"
"39847",42996,"ETH-36444",4525,55,"861",47.5438529497848,7.92181392817321,"Laabs"
"39848",42997,"ETH-32151",5525,75,"861",47.5438529497848,7.92181392817321,"Laabs"
"39849",42998,"ETH-9882",4145,70,"862",46.9185584256292,7.12735437640287,"Laabs"
"39850",43002,"ETH-11304",4265,50,"1442",46.9200392126341,7.12603273665583,"Laabs"
"39852",43005,"ETH-27900",5740,60,"957",46.8485191221462,6.69083297261982,"Laabs"
"39853",43008,"ARC-94",2914,120,"983",46.8283273222318,6.91854261262569,"Laabs"
"39854",43010,"UA-36446",3560,35,"1010",46.7180299315056,7.1125565426608,"Laabs"
"39855",43011,"UA-36445",4240,35,"1010",46.7180299315056,7.1125565426608,"Laabs"
"39861",43018,"CRG-350",3300,100,"1026",46.7734407540427,6.54128162662265,"Laabs"
"39862",43019,"B-3520",3520,60,"1026",46.7734407540427,6.54128162662265,"Laabs"
"39863",43026,"ETH-17955",2710,60,"1072",46.8860658675341,6.76051517655753,"Laabs"
"39864",43027,"ETH-18688",2835,55,"1072",46.8860658675341,6.76051517655753,"Laabs"
"39865",43028,"ETH-17956",2875,60,"1072",46.8860658675341,6.76051517655753,"Laabs"
"39866",43029,"ETH-18690",4470,55,"1072",46.8860658675341,6.76051517655753,"Laabs"
"39867",43030,"ETH-20581",4215,60,"1072",46.8860658675341,6.76051517655753,"Laabs"
"39868",43031,"ETH-18689",4385,55,"1072",46.8860658675341,6.76051517655753,"Laabs"
"39869",43032,"ETH-17959",5755,70,"1072",46.8860658675341,6.76051517655753,"Laabs"
"39870",43033,"ETH-17960",5075,70,"1072",46.8860658675341,6.76051517655753,"Laabs"
"39871",43034,"ETH-17141",5030,70,"1072",46.8860658675341,6.76051517655753,"Laabs"
"39872",43035,"ETH-17140",5345,70,"1072",46.8860658675341,6.76051517655753,"Laabs"
"39873",43036,"ETH-20580",5145,60,"1072",46.8860658675341,6.76051517655753,"Laabs"
"39874",43037,"ETH-1742",5535,65,"1072",46.8860658675341,6.76051517655753,"Laabs"
"39875",43038,"ETH-18687",5145,65,"1072",46.8860658675341,6.76051517655753,"Laabs"
"39876",43039,"ETH-18686",5180,55,"1072",46.8860658675341,6.76051517655753,"Laabs"
"39877",43040,"ETH-17962",5325,70,"1072",46.8860658675341,6.76051517655753,"Laabs"
"39878",43041,"ETH-17961",5325,70,"1072",46.8860658675341,6.76051517655753,"Laabs"
"39879",43042,"ETH-17953",5485,70,"1072",46.8860658675341,6.76051517655753,"Laabs"
"39880",43043,"ETH-18692",5520,70,"1072",46.8860658675341,6.76051517655753,"Laabs"
"39881",43044,"ETH-17949",5455,65,"1072",46.8860658675341,6.76051517655753,"Laabs"
"39882",43045,"ETH-17954",5575,80,"1072",46.8860658675341,6.76051517655753,"Laabs"
"39883",43046,"ETH-17951",5570,75,"1072",46.8860658675341,6.76051517655753,"Laabs"
"39884",43047,"ETH-17950",5745,70,"1072",46.8860658675341,6.76051517655753,"Laabs"
"39885",43048,"ETH-17138",5800,75,"1072",46.8860658675341,6.76051517655753,"Laabs"
"39886",43049,"ETH-17952",5670,70,"1072",46.8860658675341,6.76051517655753,"Laabs"
"39887",43050,"ETH-18700",5730,65,"1072",46.8860658675341,6.76051517655753,"Laabs"
"39888",43051,"ETH-17139",5585,65,"1072",46.8860658675341,6.76051517655753,"Laabs"
"39889",43052,"ETH-17947",5990,75,"1072",46.8860658675341,6.76051517655753,"Laabs"
"39890",43053,"ETH-18701",5795,65,"1072",46.8860658675341,6.76051517655753,"Laabs"
"39891",43054,"ETH-17948",5845,70,"1072",46.8860658675341,6.76051517655753,"Laabs"
"39892",43055,"ETH-17137",5745,80,"1072",46.8860658675341,6.76051517655753,"Laabs"
"39893",43056,"ETH-17135",5970,70,"1072",46.8860658675341,6.76051517655753,"Laabs"
"39894",43057,"ETH-17136",5835,70,"1072",46.8860658675341,6.76051517655753,"Laabs"
"39896",43059,"UA-19570",2630,60,"1168",46.8367516892937,6.87388629958727,"Laabs"
"39897",43060,"UA-47867",2651,30,"1168",46.8367516892937,6.87388629958727,"Laabs"
"39898",43061,"UA-13919",2630,60,"1168",46.8367516892937,6.87388629958727,"Laabs"
"39899",43062,"UA-16463",4005,60,"1169",46.8336062702244,6.87457484372258,"Laabs"
"39900",43065,"ETH-57501",3291,29,"1292",46.7610271631485,7.63084994067692,"Laabs"
"39901",43066,"UA-39260",3329,31,"1324",46.877799749976,6.95755486708774,"Laabs"
"39902",43067,"ETH-19398",5070,60,"1329",46.8788651598759,6.75995010050125,"Laabs"
"39903",43068,"ETH-17968",5075,65,"1329",46.8788651598759,6.75995010050125,"Laabs"
"39904",43069,"ETH-19397",5095,65,"1329",46.8788651598759,6.75995010050125,"Laabs"
"39905",43070,"ETH-17967",5120,70,"1329",46.8788651598759,6.75995010050125,"Laabs"
"39906",43071,"ETH-17965",5470,70,"1329",46.8788651598759,6.75995010050125,"Laabs"
"39907",43072,"ETH-17972",5495,70,"1329",46.8788651598759,6.75995010050125,"Laabs"
"39908",43073,"ETH-17966",5495,75,"1329",46.8788651598759,6.75995010050125,"Laabs"
"39909",43074,"ETH-17971",5605,65,"1329",46.8788651598759,6.75995010050125,"Laabs"
"39910",43075,"ETH-17964",4120,70,"1329",46.8788651598759,6.75995010050125,"Laabs"
"39911",43076,"ETH-17970",4465,65,"1329",46.8788651598759,6.75995010050125,"Laabs"
"39912",43077,"ETH-17963",4440,65,"1329",46.8788651598759,6.75995010050125,"Laabs"
"39913",43078,"ETH-17969",4635,65,"1329",46.8788651598759,6.75995010050125,"Laabs"
"39914",43079,"UA-38066",3561,41,"1355",46.7349717869051,6.85074626028084,"Laabs"
"39915",43080,"UA-38222",4003,46,"1355",46.7349717869051,6.85074626028084,"Laabs"
"39916",43081,"UA-38065",4347,43,"1355",46.7349717869051,6.85074626028084,"Laabs"
"39917",43082,"UA-38064",4856,43,"1355",46.7349717869051,6.85074626028084,"Laabs"
"39918",43083,"UA-38220",5766,48,"1355",46.7349717869051,6.85074626028084,"Laabs"
"39919",43093,"UA-15845",4370,80,"231",46.8178780695757,6.8170749749391,"Laabs"
"39922",43098,"LV-608",4290,130,"422",46.9203410256258,6.95467832616325,"Laabs"
"39923",43099,"LV-626",4380,100,"422",46.9203410256258,6.95467832616325,"Laabs"
"39924",43103,"LV-615",4400,100,"422",46.9203410256258,6.95467832616325,"Laabs"
"39925",43106,"LV-624",6850,110,"422",46.9203410256258,6.95467832616325,"Laabs"
"39926",43125,"GRN-8842",3870,60,"636",47.182350590914,8.27745992797014,"Laabs"
"39927",43126,"GRN-8841",4180,60,"636",47.182350590914,8.27745992797014,"Laabs"
"39928",43130,"ETH-17602",5455,60,"753",47.3885231598026,8.18837681398331,"Laabs"
"39929",43131,"ETH-16455",5425,60,"753",47.3885231598026,8.18837681398331,"Laabs"
"39930",43132,"ETH-17600",5380,60,"753",47.3885231598026,8.18837681398331,"Laabs"
"39931",43133,"ETH-17601",5420,65,"753",47.3885231598026,8.18837681398331,"Laabs"
"39932",43134,"ETH-43831",5695,35,"831",47.0203168259014,7.48740096545933,"Laabs"
"39933",43135,"LV-625",5170,130,"866",46.9385251641905,7.12546507814065,"Laabs"
"39934",43136,"ARC-2359",4680,50,"877",46.9356035098137,7.05271891200413,"Laabs"
"39935",43137,"ARC-2360",4575,50,"877",46.9356035098137,7.05271891200413,"Laabs"
"39936",43138,"ETH-44203",4035,30,"1158",47.3282789457385,8.20473131115888,"Laabs"
"39937",43144,"ETH-441951",4053,40,"1240",47.4221623890391,8.3907223480136,"Laabs"
"39938",43145,"ETH-44195.2",4034,29,"1240",47.4221623890391,8.3907223480136,"Laabs"
"39939",43146,"ETH-44197",3940,30,"1240",47.4221623890391,8.3907223480136,"Laabs"
"39940",43147,"ETH-44196.2",4050,30,"1240",47.4221623890391,8.3907223480136,"Laabs"
"39941",43148,"ETH-44198.1",3919,38,"1240",47.4221623890391,8.3907223480136,"Laabs"
"39942",43149,"ETH-44198.2",3911,28,"1240",47.4221623890391,8.3907223480136,"Laabs"
"39943",43150,"ETH-44199.2",3960,30,"1240",47.4221623890391,8.3907223480136,"Laabs"
"39944",43151,"LV-623",5280,110,"1277",47.015193951032,7.03195378055984,"Laabs"
"39945",43152,"LV-616",4150,70,"1278",47.023656272052,7.03359969169581,"Laabs"
"39946",43153,"LV-620",4340,100,"1278",47.023656272052,7.03359969169581,"Laabs"
"39947",43154,"UA-42043",4351,30,"423",46.9217854068331,6.95584706869659,"Laabs"
"39948",43155,"UA-36443",4830,40,"881",46.9357239285433,7.12098957835074,"Laabs"
"39949",43156,"UA-36444",4740,40,"881",46.9357239285433,7.12098957835074,"Laabs"
"39950",43157,"B-7973",4370,80,"1475",47.2500469128586,7.77383247707743,"Laabs"
"39951",43158,"ETH-15182",3555,55,"2384",46.7415172233791,7.6541406046019,"Laabs"
"39952",43159,"ETH-15183",3600,50,"2383",46.7381545494672,7.66701689938691,"Laabs"
"39953",43163,"UTC-9295",2720,42,"3348",47.1600777389342,7.61697770114993,"Laabs"
"39954",43164,"UTC-9296",2690,47,"3348",47.1600777389342,7.61697770114993,"Laabs"
"39955",43165,"UTC-9294",2539,43,"3348",47.1600777389342,7.61697770114993,"Laabs"
"39956",43166,"ETH-43853",4365,30,"2339",47.3472756458873,7.88215415642583,"Laabs"
"39957",43167,"ETH-43851",4385,30,"2339",47.3472756458873,7.88215415642583,"Laabs"
"39958",43168,"ETH-43852",4405,30,"2339",47.3472756458873,7.88215415642583,"Laabs"
"39959",43169,"ETH-43847",4380,30,"2339",47.3472756458873,7.88215415642583,"Laabs"
"39960",43170,"ETH-43848",4405,30,"2339",47.3472756458873,7.88215415642583,"Laabs"
"39961",43171,"ETH-43846",4420,30,"2339",47.3472756458873,7.88215415642583,"Laabs"
"39962",43172,"???-???",4145,20,"1850",47.1725061634562,7.35277846087439,"Laabs"
"39963",43173,"ETH-27530",4980,50,"1242",47.0021883672558,8.36604596399092,"Laabs"
"39964",43174,"ETH-27531",5355,50,"1242",47.0021883672558,8.36604596399092,"Laabs"
"39965",43177,"B-9445",2804,30,"26",46.9159390137079,7.52466071088114,"Laabs"
"39966",43178,"B-9444",2811,29,"26",46.9159390137079,7.52466071088114,"Laabs"
"39967",43179,"UA-49863",2721,35,"36",46.7414995292751,7.1085535206939,"Laabs"
"39968",43180,"UA-49865",2814,35,"36",46.7414995292751,7.1085535206939,"Laabs"
"39969",43181,"UA-46832",2439,32,"36",46.7414995292751,7.1085535206939,"Laabs"
"39970",43182,"UA-47282",2790,33,"36",46.7414995292751,7.1085535206939,"Laabs"
"39974",43188,"ETH-55851",9138,37,"abri Bergilbalm",46.966667,8.75,"Martinez-Grau et al."
"39975",43189,"ETH-63150",9044,35,"abri Bergilbalm",46.966667,8.75,"Martinez-Grau et al."
"39976",43190,"ETH-63685",8912,33,"abri Bergilbalm",46.966667,8.75,"Martinez-Grau et al."
"39977",43191,"ETH-63687",8909,47,"abri Bergilbalm",46.966667,8.75,"Martinez-Grau et al."
"39978",43192,"ETH-63686",8812,33,"abri Bergilbalm",46.966667,8.75,"Martinez-Grau et al."
"40003",43241,"Gif-3343",5080,100,"abri de Gigot",47.2167,6.63333,"Martinez-Grau et al."
"40004",43242,"Gif-3342",4100,110,"abri de Gigot",47.2167,6.63333,"Martinez-Grau et al."
"40051",43301,"Ly-6760",3790,80,"abri de la Roche-aux-Pêcheurs",47.0667,6.66667,"Martinez-Grau et al."
"40052",43302,"Gif-9743",4690,70,"abri de la Roche-aux-Pêcheurs",47.0667,6.66667,"Martinez-Grau et al."
"40053",43303,"Gif-9744",4650,55,"abri de la Roche-aux-Pêcheurs",47.0667,6.66667,"Martinez-Grau et al."
"40054",43304,"Ly-603",4695,50,"abri de la Roche-aux-Pêcheurs",47.0667,6.66667,"Martinez-Grau et al."
"40055",43305,"Ly-602",4245,65,"abri de la Roche-aux-Pêcheurs",47.0667,6.66667,"Martinez-Grau et al."
"40056",43306,"Ly-6759",4215,70,"abri de la Roche-aux-Pêcheurs",47.0667,6.66667,"Martinez-Grau et al."
"40057",43307,"Ly-607",5840,180,"abri de la Roche-aux-Pêcheurs",47.0667,6.66667,"Martinez-Grau et al."
"40058",43310,"Ly-606",6590,70,"abri de la Roche-aux-Pêcheurs",47.0667,6.66667,"Martinez-Grau et al."
"40059",43311,"Gif-9742",3130,40,"abri de la Roche-aux-Pêcheurs",47.0667,6.66667,"Martinez-Grau et al."
"40060",43313,"VERA-2905",235,35,"abri de la Souche",46.75,7.116667,"Martinez-Grau et al."
"40101",43374,"Ly-1194",10730,190,"abri de Rochedane",47.3853,6.7708,"Martinez-Grau et al."
"40102",43377,"UZ-2480",5020,75,"abri des Gripons",47.366667,7.15,"Martinez-Grau et al."
"40240",43725,"Gif-6968",5070,70,"baume de Montandon",47.3192,6.8131,"Martinez-Grau et al."
"40241",43726,"Gif-6967",8490,110,"baume de Montandon",47.3192,6.8131,"Martinez-Grau et al."
"40242",43727,"Lyon-3734",6445,40,"baume de Montandon",47.3192,6.8131,"Martinez-Grau et al."
"40325",43876,"B-57.5",4950,120,"Burgäschisee-Süd ",47.15,7.666667,"Martinez-Grau et al."
"40326",43884,"B-58",4750,100,"Burgäschisee-Süd ",47.15,7.666667,"Martinez-Grau et al."
"40461",44103,"CRG-351",4280,190,"Champ-Vully",46.766667,6.533333,"Martinez-Grau et al."
"40462",44104,"CRG-356",4500,70,"Champ-Vully",46.766667,6.533333,"Martinez-Grau et al."
"40482",44138,"B-659a",5150,120,"Chavannes-le-Chêne",46.783333,6.783333,"Martinez-Grau et al."
"40720",44497,"ETH-18696",5650,65,"Derrière la Croix",46.883333,6.983333,"Martinez-Grau et al."
"40727",44513,"BE-6201.1.1",4510,45,"Dolmen of Oberbipp",47.266667,7.666667,"Martinez-Grau et al."
"40728",44514,"MAMS-29648",4465,25,"Dolmen of Oberbipp",47.266667,7.666667,"Martinez-Grau et al."
"40729",44515,"BE-6182.1.1",4385,20,"Dolmen of Oberbipp",47.266667,7.666667,"Martinez-Grau et al."
"40730",44516,"MAMS-29629",4495,20,"Dolmen of Oberbipp",47.266667,7.666667,"Martinez-Grau et al."
"40731",44517,"OxA-36308",4465,35,"Dolmen of Oberbipp",47.266667,7.666667,"Martinez-Grau et al."
"40732",44518,"BE-6193.1.1",4465,20,"Dolmen of Oberbipp",47.266667,7.666667,"Martinez-Grau et al."
"40733",44519,"MAMS-29640",4460,25,"Dolmen of Oberbipp",47.266667,7.666667,"Martinez-Grau et al."
"40734",44520,"BE-6179.1.1",4465,35,"Dolmen of Oberbipp",47.266667,7.666667,"Martinez-Grau et al."
"40735",44521,"MAMS-29626",4465,20,"Dolmen of Oberbipp",47.266667,7.666667,"Martinez-Grau et al."
"40736",44522,"BE-6191.1.1",4225,35,"Dolmen of Oberbipp",47.266667,7.666667,"Martinez-Grau et al."
"40737",44523,"MAMS-29638",4240,25,"Dolmen of Oberbipp",47.266667,7.666667,"Martinez-Grau et al."
"40738",44524,"OxA-36309",4200,35,"Dolmen of Oberbipp",47.266667,7.666667,"Martinez-Grau et al."
"40739",44525,"BE-6190.1.1",4195,35,"Dolmen of Oberbipp",47.266667,7.666667,"Martinez-Grau et al."
"40740",44526,"MAMS-29637",4170,25,"Dolmen of Oberbipp",47.266667,7.666667,"Martinez-Grau et al."
"40741",44527,"OxA-36309a",4065,35,"Dolmen of Oberbipp",47.266667,7.666667,"Martinez-Grau et al."
"40742",44528,"BE-6204.2.1",4385,20,"Dolmen of Oberbipp",47.266667,7.666667,"Martinez-Grau et al."
"40743",44529,"MAMS-29651",4365,20,"Dolmen of Oberbipp",47.266667,7.666667,"Martinez-Grau et al."
"40744",44530,"OxA-36311",4455,35,"Dolmen of Oberbipp",47.266667,7.666667,"Martinez-Grau et al."
"40745",44531,"BE-6188.1.1",4420,50,"Dolmen of Oberbipp",47.266667,7.666667,"Martinez-Grau et al."
"40746",44532,"BE-6195.2.1",4400,20,"Dolmen of Oberbipp",47.266667,7.666667,"Martinez-Grau et al."
"40747",44533,"BE-6176.1.1",4485,35,"Dolmen of Oberbipp",47.266667,7.666667,"Martinez-Grau et al."
"40748",44534,"MAMS-29623",4480,25,"Dolmen of Oberbipp",47.266667,7.666667,"Martinez-Grau et al."
"40749",44535,"OxA-36312",4175,30,"Dolmen of Oberbipp",47.266667,7.666667,"Martinez-Grau et al."
"40750",44536,"OxA-36313",4395,35,"Dolmen of Oberbipp",47.266667,7.666667,"Martinez-Grau et al."
"40751",44537,"BE-6183.1.1",4480,35,"Dolmen of Oberbipp",47.266667,7.666667,"Martinez-Grau et al."
"40752",44538,"MAMS-29630",4485,20,"Dolmen of Oberbipp",47.266667,7.666667,"Martinez-Grau et al."
"40753",44539,"BE-6199.1.1",4465,35,"Dolmen of Oberbipp",47.266667,7.666667,"Martinez-Grau et al."
"40754",44540,"MAMS-29646",4460,25,"Dolmen of Oberbipp",47.266667,7.666667,"Martinez-Grau et al."
"40755",44541,"BE-6194.1.1",4515,20,"Dolmen of Oberbipp",47.266667,7.666667,"Martinez-Grau et al."
"40756",44542,"MAMS-29641",4455,20,"Dolmen of Oberbipp",47.266667,7.666667,"Martinez-Grau et al."
"40757",44543,"BE-6202.1.1",4530,40,"Dolmen of Oberbipp",47.266667,7.666667,"Martinez-Grau et al."
"40758",44544,"BE-9356.1.1",4420,20,"Dolmen of Oberbipp",47.266667,7.666667,"Martinez-Grau et al."
"40759",44545,"BE-6186.1.1",4450,20,"Dolmen of Oberbipp",47.266667,7.666667,"Martinez-Grau et al."
"40760",44546,"MAMS-29633",4505,20,"Dolmen of Oberbipp",47.266667,7.666667,"Martinez-Grau et al."
"40761",44547,"BE-6185.1.1",4455,35,"Dolmen of Oberbipp",47.266667,7.666667,"Martinez-Grau et al."
"40762",44548,"MAMS-29632",4455,20,"Dolmen of Oberbipp",47.266667,7.666667,"Martinez-Grau et al."
"40763",44549,"BE-6196.1.1",4445,20,"Dolmen of Oberbipp",47.266667,7.666667,"Martinez-Grau et al."
"40764",44550,"ETH-52562",4430,30,"Dolmen of Oberbipp",47.266667,7.666667,"Martinez-Grau et al."
"40765",44551,"BE-6204.1.1",4705,45,"Dolmen of Oberbipp",47.266667,7.666667,"Martinez-Grau et al."
"40766",44552,"MAMS-29635",4440,25,"Dolmen of Oberbipp",47.266667,7.666667,"Martinez-Grau et al."
"40767",44553,"BE-6195.1.1",4930,20,"Dolmen of Oberbipp",47.266667,7.666667,"Martinez-Grau et al."
"40768",44554,"MAMS-29642",4470,20,"Dolmen of Oberbipp",47.266667,7.666667,"Martinez-Grau et al."
"40769",44555,"MAMS-29627",4215,25,"Dolmen of Oberbipp",47.266667,7.666667,"Martinez-Grau et al."
"40770",44556,"MAMS-29645",4465,25,"Dolmen of Oberbipp",47.266667,7.666667,"Martinez-Grau et al."
"40771",44557,"MAMS-29625",4385,25,"Dolmen of Oberbipp",47.266667,7.666667,"Martinez-Grau et al."
"40772",44558,"MAMS-29649",4435,25,"Dolmen of Oberbipp",47.266667,7.666667,"Martinez-Grau et al."
"40773",44559,"MAMS-29643",4510,20,"Dolmen of Oberbipp",47.266667,7.666667,"Martinez-Grau et al."
"40774",44560,"MAMS-29650",4560,25,"Dolmen of Oberbipp",47.266667,7.666667,"Martinez-Grau et al."
"40775",44561,"BE-6177.1.1",4500,40,"Dolmen of Oberbipp",47.266667,7.666667,"Martinez-Grau et al."
"40776",44562,"BE-6197.1.1",4955,20,"Dolmen of Oberbipp",47.266667,7.666667,"Martinez-Grau et al."
"40777",44563,"BE-6189.1.1",4490,65,"Dolmen of Oberbipp",47.266667,7.666667,"Martinez-Grau et al."
"40778",44564,"BE-6184.1.1",4470,45,"Dolmen of Oberbipp",47.266667,7.666667,"Martinez-Grau et al."
"40779",44565,"MAMS-29652",4445,20,"Dolmen of Oberbipp",47.266667,7.666667,"Martinez-Grau et al."
"40780",44566,"OxA-36314",4445,35,"Dolmen of Oberbipp",47.266667,7.666667,"Martinez-Grau et al."
"40781",44567,"MAMS-29624",4455,20,"Dolmen of Oberbipp",47.266667,7.666667,"Martinez-Grau et al."
"40782",44568,"BE-6197.2.1",4420,20,"Dolmen of Oberbipp",47.266667,7.666667,"Martinez-Grau et al."
"40783",44569,"MAMS-29644",4455,25,"Dolmen of Oberbipp",47.266667,7.666667,"Martinez-Grau et al."
"40784",44570,"OxA-36315",4385,35,"Dolmen of Oberbipp",47.266667,7.666667,"Martinez-Grau et al."
"40785",44571,"MAMS-29636",4490,25,"Dolmen of Oberbipp",47.266667,7.666667,"Martinez-Grau et al."
"40786",44572,"OxA-36316",4410,35,"Dolmen of Oberbipp",47.266667,7.666667,"Martinez-Grau et al."
"40787",44573,"BE-6192.1.1",4490,20,"Dolmen of Oberbipp",47.266667,7.666667,"Martinez-Grau et al."
"40788",44574,"MAMS-29639",4470,20,"Dolmen of Oberbipp",47.266667,7.666667,"Martinez-Grau et al."
"40789",44575,"MAMS-29631",4440,20,"Dolmen of Oberbipp",47.266667,7.666667,"Martinez-Grau et al."
"40790",44576,"BE-6200.1.1",4430,40,"Dolmen of Oberbipp",47.266667,7.666667,"Martinez-Grau et al."
"40791",44577,"MAMS-29647",4405,25,"Dolmen of Oberbipp",47.266667,7.666667,"Martinez-Grau et al."
"40792",44578,"BE-6205.1.1",4440,35,"Dolmen of Oberbipp",47.266667,7.666667,"Martinez-Grau et al."
"40793",44579,"BE-6187.1.1",4450,20,"Dolmen of Oberbipp",47.266667,7.666667,"Martinez-Grau et al."
"40794",44580,"MAMS-29634",4525,20,"Dolmen of Oberbipp",47.266667,7.666667,"Martinez-Grau et al."
"40867",44803,"Gif-466",5000,250,"Gonvillars",46.83333,6.66667,"Martinez-Grau et al."
"40868",44804,"Gif-467",3430,200,"Gonvillars",46.83333,6.66667,"Martinez-Grau et al."
"40983",45074,"ETH-38943",5250,35,"Herblingen",47.133365,8.19433,"Martinez-Grau et al."
"41033",45153,"B-4480",5480,60,"Kleiner Hafner",47.366667,8.55,"Martinez-Grau et al."
"41301",45574,"Ly-5956",5265,80,"Le Trou Perdu",47.37333,6.87306,"Martinez-Grau et al."
"41361",45665,"Ly-6665",5980,40,"Les Fiefs",46.79856,8.23197,"Martinez-Grau et al."
"41362",45667,"Ly-6656",5915,35,"Les Fiefs",46.79856,8.23197,"Martinez-Grau et al."
"41363",45668,"Ly-7867",5890,30,"Les Fiefs",46.79856,8.23197,"Martinez-Grau et al."
"41364",45669,"Ly-7869",5880,35,"Les Fiefs",46.79856,8.23197,"Martinez-Grau et al."
"41365",45670,"Ly-7866",5810,30,"Les Fiefs",46.79856,8.23197,"Martinez-Grau et al."
"41366",45671,"Ly-6663",5790,35,"Les Fiefs",46.79856,8.23197,"Martinez-Grau et al."
"41367",45672,"Ly-6664",5790,35,"Les Fiefs",46.79856,8.23197,"Martinez-Grau et al."
"41368",45673,"Ly-7868",5760,35,"Les Fiefs",46.79856,8.23197,"Martinez-Grau et al."
"41369",45674,"Ly-6662",5700,35,"Les Fiefs",46.79856,8.23197,"Martinez-Grau et al."
"41370",45675,"Ly-6661",5685,35,"Les Fiefs",46.79856,8.23197,"Martinez-Grau et al."
"41371",45676,"Ly-6655",5635,35,"Les Fiefs",46.79856,8.23197,"Martinez-Grau et al."
"41372",45677,"Ly-6658",5575,35,"Les Fiefs",46.79856,8.23197,"Martinez-Grau et al."
"41373",45678,"Ly-6657",5570,35,"Les Fiefs",46.79856,8.23197,"Martinez-Grau et al."
"41374",45679,"Ly-6659",5560,35,"Les Fiefs",46.79856,8.23197,"Martinez-Grau et al."
"41387",45727,"ETH-18703",4735,60,"Les Piécettes",47.016667,7.016667,"Martinez-Grau et al."
"41388",45728,"ETH-18705",4725,65,"Les Piécettes",47.016667,7.016667,"Martinez-Grau et al."
"41389",45729,"ETH-18706",4690,60,"Les Piécettes",47.016667,7.016667,"Martinez-Grau et al."
"41390",45730,"ETH-18704",4605,65,"Les Piécettes",47.016667,7.016667,"Martinez-Grau et al."
"41579",46136,"ETH-31467",5465,65,"Praz Berthoud",46.83333,6.683333,"Martinez-Grau et al."
"41580",46137,"ETH-31461",5355,65,"Praz Berthoud",46.83333,6.683333,"Martinez-Grau et al."
"41581",46138,"ETH-31468",5140,60,"Praz Berthoud",46.83333,6.683333,"Martinez-Grau et al."
"41582",46139,"ETH-31466",5860,60,"Praz Berthoud",46.83333,6.683333,"Martinez-Grau et al."
"41583",46140,"ETH-31462",5785,60,"Praz Berthoud",46.83333,6.683333,"Martinez-Grau et al."
"41584",46142,"ETH-31460",5555,60,"Praz Berthoud",46.83333,6.683333,"Martinez-Grau et al."
"41585",46143,"ETH-31465",5545,60,"Praz Berthoud",46.83333,6.683333,"Martinez-Grau et al."
"41586",46144,"ETH-31464",5520,60,"Praz Berthoud",46.83333,6.683333,"Martinez-Grau et al."
"41587",46145,"ETH-31469",5480,60,"Praz Berthoud",46.83333,6.683333,"Martinez-Grau et al."
"41588",46146,"ETH-43824",5475,36,"Praz Berthoud",46.83333,6.683333,"Martinez-Grau et al."
"41609",46205,"Gif-5474",4650,110,"abri de Gigot",47.2167,6.63333,"Martinez-Grau et al."
"41610",46206,"Gif-5475",4180,110,"abri de Gigot",47.2167,6.63333,"Martinez-Grau et al."
"41669",46372,"CRG-362",4330,90,"Station",47.166667,7.98333,"Martinez-Grau et al."
"41670",46373,"CRG-383",4095,100,"Station",47.166667,7.98333,"Martinez-Grau et al."
"41671",46374,"GRB-2297",3660,110,"Station",47.166667,7.98333,"Martinez-Grau et al."
"41672",46375,"CRG-486",4557,79,"Station",47.166667,7.98333,"Martinez-Grau et al."
"41673",46377,"CRG-360",4213,73,"Station",47.166667,7.98333,"Martinez-Grau et al."
"41674",46378,"CRG-364",4180,75,"Station",47.166667,7.98333,"Martinez-Grau et al."
"41675",46379,"CRG-365",4150,80,"Station",47.166667,7.98333,"Martinez-Grau et al."
"41676",46380,"CRG-379",4140,70,"Station",47.166667,7.98333,"Martinez-Grau et al."
"41677",46381,"CRG-484",4110,60,"Station",47.166667,7.98333,"Martinez-Grau et al."
"41678",46382,"CRG-361",3841,78,"Station",47.166667,7.98333,"Martinez-Grau et al."
"41679",46383,"CRG-363",4300,75,"Station",47.166667,7.98333,"Martinez-Grau et al."
"41684",46390,"Ly-1151",5520,150,"Station",47.166667,7.98333,"Martinez-Grau et al."
"41685",46391,"Gif-2298",4740,110,"Station",47.166667,7.98333,"Martinez-Grau et al."
"41686",46392,"Ly-1152",4650,130,"Station",47.166667,7.98333,"Martinez-Grau et al."
"41687",46393,"Ly-1153",4430,150,"Station",47.166667,7.98333,"Martinez-Grau et al."
"41688",46394,"CRG-620",4685,65,"Station",47.166667,7.98333,"Martinez-Grau et al."
"41689",46395,"CRG-621",4720,70,"Station",47.166667,7.98333,"Martinez-Grau et al."
"41690",46397,"Lyon-384",4640,270,"Station",47.166667,7.98333,"Martinez-Grau et al."
"41691",46400,"Ly-1155",4340,150,"Station",47.166667,7.98333,"Martinez-Grau et al."
"41692",46401,"Gif-6335",4700,60,"Station",47.166667,7.98333,"Martinez-Grau et al."
"41693",46413,"ETH-28996",4370,50,"Steinhausen",47.2,8.483333,"Martinez-Grau et al."
"41694",46414,"ETH-28997",4290,50,"Steinhausen",47.2,8.483333,"Martinez-Grau et al."
"41695",46415,"ETH-28998",4145,50,"Steinhausen",47.2,8.483333,"Martinez-Grau et al."
"41743",46555,"ARC-462",5625,65,"Treytel-à Sugiez",46.933333,6.816667,"Martinez-Grau et al."
"41744",46561,"UtC-13900",5560,65,"Treytel-à Sugiez",46.933333,6.816667,"Martinez-Grau et al."
"41745",46580,"POZ-27159",5630,65,"Treytel-à Sugiez",46.933333,6.816667,"Martinez-Grau et al."
"41746",46590,"ETH-19816",4665,60,"Treytel-à Sugiez",46.933333,6.816667,"Martinez-Grau et al."
"41747",46591,"ETH-21387",4420,60,"Treytel-à Sugiez",46.933333,6.816667,"Martinez-Grau et al."
"41748",46592,"ETH-21388",4415,60,"Treytel-à Sugiez",46.933333,6.816667,"Martinez-Grau et al."
"41749",46602,"ETH-19416",4065,60,"Treytel-à Sugiez",46.933333,6.816667,"Martinez-Grau et al."
"41796",46714,"UCLA--1691B",4500,65,"Vorderfeld",47.266667,8.633333,"Martinez-Grau et al."
